Workbook

Sheet Sheet1
A1: 44867 | B1: 44868
A2: 220 | B2: 370
A3: 1086.9 | B3: 1051.9 | C3: Payroll Cycle | D3: Payroll Value | E3: Cash Rewards | F3: Expenses
C4: January
A5: 1315.74 | B5: 1446.05 | C5: 903 | D5: ='January 2023'!H16 -> 46805.93
A6: 170 | B6: 110 | C6: 906 | D6: ='January 2023'!H35 -> 52030.03
A7: 180 | B7: 295 | C7: 907 | D7: ='January 2023'!H54 -> 50342.84
A8: 147.45 | B8: 835 | C8: 908 | D8: ='January 2023'!H73 -> 49111.96
A9: 215 | B9: 110 | C9: 909 | D9: ='January 2023'!H92 -> 47825.8
A10: 533.1 | B10: 147.45 | D10: =SUM(D5:D9) -> 246116.56
A11: 165 | B11: 330 | C11: February
A12: 430 | B12: 183.1 | C12: 910 | D12: ='February 2023'!H18 -> 49617.56
B13: 165 | C13: 911 | D13: ='February 2023'!H40 -> 46368.83 | E13: ='February 2023'!Z40 -> 37864 | F13: ='February 2023'!Z41 -> 2915
B14: 220 | C14: 912 | D14: ='February 2023'!H59 -> 50182.41 | E14: ='February 2023'!Z59 -> 36792 | F14: ='February 2023'!Z60 -> 2844.5
C15: 913 | D15: ='February 2023'!H78 -> 49032.8 | E15: ='February 2023'!Z78 -> 37582 | F15: ='February 2023'!Z79 -> 8771.5
D16: =SUM(D12:D15) -> 195201.6 | E16: =SUM(E12:E15) -> 112238 | F16: =SUM(F12:F15) -> 14531
C17: March
C18: 914
A19: =SUM(A2:A18) -> 4463.19 | B19: =SUM(B2:B18) -> 5263.5
A20: 4463.19 | B20: 5263.5
A21: =A19-A20 -> 0 | B21: =B19-B20 -> 0
A25: 44874 | B25: 44875
A26: 185 | B26: 405
A27: 1171.9 | B27: 1271.9
A28: 1315.74 | B28: 1355.43
A29: 275 | B29: 195
A30: 110 | B30: 110
A31: 147.45 | B31: 222.45
A32: 140 | B32: 130
A33: 513.1 | B33: 423.1
A34: 165 | B34: 180
A35: 320 | B35: 280
A36: 110
A42: =SUM(A26:A41) -> 4453.19 | B42: =SUM(B26:B41) -> 4572.88
A43: 4453.19 | B43: 4572.88
A44: =A42-A43 -> 0 | B44: =B42-B43 -> 0

Sheet Sheet2
V1: 44888 | W1: 44889 | X1: 44890 | Y1: 44891 | Z1: 44892 | AA1: 44893 | AB1: 44894
V2: 110 | W2: 185 | X2: 295 | Y2: 150 | Z2: 945 | AA2: 440 | AB2: 260
V3: 1566.9 | W3: 1551.9 | X3: 110 | Y3: 958.45 | Z3: 280 | AA3: 835 | AB3: 1196.9
V4: 1230.53 | W4: 1446.05 | X4: 1376.9 | Y4: 220 | Z4: 330 | AA4: 1485.74 | AB4: 1315.53
V5: 220 | W5: 305 | X5: 1446.05 | Y5: 380 | AA5: 75 | AB5: 85
V6: 110 | W6: 147.45 | X6: 220 | Y6: 110 | AA6: 195 | AB6: 305
V7: 147.45 | W7: 235 | X7: 110 | Y7: 265 | AA7: 305 | AB7: 85
V8: 290 | W8: 293.1 | X8: 147.45 | Y8: 431.55 | AA8: 110 | AB8: 110
V9: 403.1 | W9: 75 | X9: 105 | AA9: 147.45 | AB9: 147.45
V10: 165 | X10: 183.1 | AA10: 115 | AB10: 280
V11: 170 | X11: 165 | AA11: 110 | AB11: 293.1
V12: 40 | X12: 320 | AA12: 150 | AB12: 165
AA13: 110 | AB13: 5489.88
AB14: 3690.2
AB15: 589.8
AB16: 5535.3
AB17: 3150
AB18: 1253.72
AB19: 700
V21: =SUM(V2:V20) -> 4452.98 | W21: =SUM(W2:W20) -> 4238.5 | X21: =SUM(X2:X20) -> 4478.5 | Y21: =SUM(Y2:Y20) -> 2515 | Z21: =SUM(Z2:Z20) -> 1555 | AA21: =SUM(AA2:AA20) -> 4078.19 | AB21: =SUM(AB2:AB20) -> 24651.88 | AC21: =SUM(V21:AB21) -> 45970.05
V22: 4452.98 | W22: 4238.5 | X22: 4478.5 | Y22: 2515 | Z22: 1555 | AA22: 4078.19 | AB22: 4242.98 | AC22: 45970.05
V23: =V21-V22 -> 0 | W23: =W21-W22 -> 0 | X23: =X21-X22 -> 0 | Y23: =Y21-Y22 -> 0 | Z23: =Z21-Z22 -> 0 | AA23: =AA21-AA22 -> 0 | AB23: =AB21-AB22 -> 20408.9
AC24: =AC22-AC21 -> 0
V26: 44895 | W26: 44896 | X26: 44897 | Y26: 44898 | Z26: 44899 | AA26: 44900 | AB26: 44901
V27: 570 | W27: 515 | X27: 405 | Y27: 220 | Z27: 280 | AA27: 185 | AB27: 220
V28: 1116.9 | W28: 1080 | X28: 1005 | Y28: 1111.9 | Z28: 75 | AA28: 1016.9 | AB28: 110
V29: 1230.53 | W29: 1675.43 | X29: 1644.5 | Y29: 270 | Z29: 550 | AA29: 1485.74 | AB29: 1101.9 | AF29: 4990.8
V30: 75 | W30: 85 | X30: 110 | Y30: 75 | Z30: 75 | AA30: 110 | AB30: 1640.12 | AF30: 3690.2
V31: 110 | W31: 465 | X31: 85 | Y31: 305 | Z31: 75 | AA31: 180
V32: 147.45 | W32: 965 | X32: 232.45 | Y32: 1100.82 | AA32: 295 | AB32: 305 | AF32: 3500
V33: 145 | W33: 222.45 | X33: 210 | Y33: 225 | AA33: 110 | AB33: 110 | AF33: 1253.72
V34: 533.1 | W34: 130 | X34: 110 | Y34: 403.1 | AA34: 147.45 | AB34: 222.45 | AF34: 5535.3
V35: 150 | W35: 350 | X35: 90 | AA35: 195 | AB35: 145 | AF35: 215.52
W36: 130 | X36: 300 | AA36: 403.1 | AB36: 73.1 | AF36: 0
AA37: 180 | AB37: 165 | AF37: =SUM(AF29:AF36) -> 19185.54
AA38: 150 | AB38: =AF37 -> 19185.54
AA39: 110
V41: =SUM(V27:V40) -> 4077.98 | W41: =SUM(W27:W40) -> 5617.88 | X41: =SUM(X27:X40) -> 4191.95 | Y41: =SUM(Y27:Y40) -> 3710.82 | Z41: =SUM(Z27:Z40) -> 1055 | AA41: =SUM(AA27:AA40) -> 4568.19 | AB41: =SUM(AB27:AB40) -> 23278.11 | AC41: =SUM(V41:AB41) -> 46499.93
V42: 4077.98 | W42: 5617.88 | X42: 4191.95 | Y42: 3710.82 | Z42: 1055 | AA42: 4568.19 | AB42: 23278.11 | AC42: 46499.93
V43: =V41-V42 -> 0 | W43: =W41-W42 -> 0 | X43: =X41-X42 -> 0 | Y43: =Y41-Y42 -> 0 | Z43: =Z41-Z42 -> 0 | AA43: =AA41-AA42 -> 0 | AB43: =AB41-AB42 -> 0
AC44: =AC42-AC41 -> 0
V47: 44902 | W47: 44903 | X47: 44904 | Y47: 44905 | Z47: 44906 | AA47: 44907 | AB47: 44908
V48: 110 | W48: 440 | X48: 515 | Y48: 110 | Z48: 110 | AA48: 405 | AB48: 110
V49: 1201.9 | W49: 941.9 | X49: 1016.9 | Y49: 1136.9 | Z49: 110 | AA49: 185 | AB49: 330
V50: 1485.74 | W50: 1565.12 | X50: 1754.81 | Y50: 270 | Z50: 110 | AA50: 1616.9 | AB50: 1781.9 | AD50: 9883.92
V51: 90 | W51: 85 | X51: 70 | Y51: 390 | Z51: 110 | AA51: 1309.91 | AB51: 1752.26 | AD51: 4990.8
V52: 110 | W52: 110 | X52: 185 | Y52: 110 | AA52: 90 | AB52: 110 | AD52: 3690.2
V53: 147.45 | W53: 270 | X53: 75 | Y53: 160 | AA53: 222.45 | AB53: 270
V54: 260 | W54: 222.45 | X54: 307.45 | Y54: 721.04 | AA54: 255 | AB54: 295 | AD54: =SUM(AD48:AD53) -> 18564.92
V55: 403.1 | W55: 285 | X55: 220 | Y55: 293.1 | AA55: 533.1 | AB55: 293.1
V56: 165 | W56: 423.1 | X56: 183.1 | AA56: 165 | AB56: 165
V57: 320 | W57: 180 | X57: 165 | AA57: 170 | AB57: 300
W58: 490 | X58: 390
V59: =SUM(V48:V58) -> 4293.19 | W59: =SUM(W48:W58) -> 5012.57 | X59: =SUM(X48:X58) -> 4882.26 | Y59: =SUM(Y48:Y58) -> 3191.04 | Z59: =SUM(Z48:Z58) -> 440 | AA59: =SUM(AA48:AA58) -> 4952.36 | AB59: =SUM(AB48:AB58) -> 5407.26 | AC59: =SUM(V59:AB59)+AD54 -> 46743.6 | AD59: OASys Value
V60: 4293.19 | W60: 5012.57 | X60: 4882.26 | Y60: 3191.04 | Z60: 440 | AA60: 4952.36 | AB60: 5407.26 | AC60: 46743.6 | AD60: Payroll Value
V61: =V59-V60 -> 0 | W61: =W59-W60 -> 0 | X61: =X59-X60 -> 0 | Y61: =Y59-Y60 -> 0 | Z61: =Z59-Z60 -> 0 | AA61: =AA59-AA60 -> 0 | AB61: =AB59-AB60 -> 0
AB62: =SUM(AB48:AB59) -> 10814.52 | AC62: =AC60-AC59 -> 0
V64: 44909 | W64: 44910 | X64: 44911 | Y64: 44912 | Z64: 44913 | AA64: 44914 | AB64: 44915
V65: 555 | W65: 220 | X65: 330 | Y65: 185 | Z65: 280 | AA65: 660 | AB65: 550
V66: 110 | W66: 405 | X66: 295 | Y66: 110 | Z66: 280 | AA66: 335 | AB66: 535
V67: 1081.9 | W67: 1031.9 | X67: 1723.45 | Y67: 945 | Z67: 110 | AA67: 1456.9 | AB67: 918.45
V68: 1270.22 | W68: 1480.12 | X68: 165 | Y68: 765.63 | Z68: 603 | AA68: 1446.05 | AB68: 4990.8
V69: 230 | W69: 110 | X69: 110 | Y69: 195 | Z69: 110 | AA69: 110 | AB69: 3690.2
V70: 110 | W70: 280 | X70: 300 | Y70: 380 | Z70: 110 | AA70: 110 | AB70: 2775.65
V71: 222.45 | W71: 110 | X71: 276.55 | Y71: 940.5 | AA71: 270 | AB71: 195
V72: 250 | W72: 232.45 | X72: 155 | Y72: 110 | AA72: 222.45 | AB72: 465
A73: 44869 | B73: 44870 | C73: 44871 | D73: 44872 | E73: 44873 | I73: 26 | J73: 27 | K73: 28 | L73: 29 | M73: 30 | N73: 31 | V73: 183.1 | W73: 245 | X73: 110 | Y73: 760.4 | AA73: 320 | AB73: 147.45
A74: 330 | B74: 220 | C74: 195 | D74: 330 | E74: 260 | I74: 370 | J74: 110 | K74: 2174.44 | L74: 330 | M74: 280 | N74: 220 | V74: 90 | W74: 553.1 | Y74: 147.45 | AA74: 533.1 | AB74: 335
A75: 1406.9 | B75: 860 | C75: 220 | D75: 968.45 | E75: 1116.9 | I75: 1196.9 | J75: 1236.9 | K75: 150 | L75: 1196.9 | M75: 220 | N75: 1136.9 | V75: 150 | W75: 180 | Y75: 115 | AA75: 165 | AB75: 10970.47
A76: 75 | B76: 510.42 | C76: 185 | D76: 1276.05 | F76: 5489.88 | I76: 1423.5 | J76: 1373.6 | K76: 260 | L76: 510.42 | M76: 185 | N76: 1593.5 | V76: 110 | W76: 105 | Y76: 480 | AB76: 165
A77: 110 | B77: 110 | D77: 75 | F77: 3690.2 | I77: 115 | J77: 85 | K77: 183.1 | L77: 165 | N77: 75 | W77: 370
A78: 180 | B78: 270 | D78: 235 | E78: 1355.43 | I78: 110 | J78: 220 | K78: 270 | L78: 380 | N78: 135 | W78: 110 | AO78: 4990.8
A79: 147.45 | B79: 1055.3 | D79: 500 | E79: 380 | I79: 270 | J79: 110 | K79: 110 | L79: 230 | N79: 380 | AO79: 3690.2
A80: 255 | B80: 265 | D80: 110 | E80: 232.45 | I80: 623.1 | J80: 294.9 | K80: 235 | L80: 293.1 | N80: 110 | V80: =SUM(V65:V79) -> 4362.67 | W80: =SUM(W65:W79) -> 5432.57 | X80: =SUM(X65:X79) -> 3465 | Y80: =SUM(Y65:Y79) -> 5133.98 | Z80: =SUM(Z65:Z79) -> 1493 | AA80: =SUM(AA65:AA79) -> 5628.5 | AB80: =SUM(AB65:AB79) -> 25738.02 | AC80: =SUM(V80:AB80)+AD71 -> 51253.74 | AD80: OASys Value | AO80: 1905.54
A81: 533.1 | B81: 1826.08 | D81: 317.45 | E81: 270 | I81: 150 | J81: 255 | K81: 170 | N81: 140 | V81: 4362.67 | W81: 5432.57 | X81: 3465 | Y81: 5133.98 | Z81: 1493 | AA81: 5628.5 | AB81: 25738.02 | AC81: Payroll Value
A82: 165 | D82: 220 | F82: 10012.12 | I82: 320 | J82: 643.1 | K82: 1026.9 | N82: 468.1 | V82: =V80-V81 -> 0 | W82: =W80-W81 -> 0 | X82: =X80-X81 -> 0 | Y82: =Y80-Y81 -> 0 | Z82: =Z80-Z81 -> 0 | AA82: =AA80-AA81 -> 0 | AB82: =AB80-AB81 -> 0
A83: 110 | D83: 366.55 | E83: 150 | I83: 1044.55 | J83: 165 | K83: 1423.5 | N83: 165
A84: 1446.05 | D84: 165 | I84: 630.79 | J84: 390 | K84: 260 | V84: 44916 | W84: 44917 | X84: 44918 | Y84: 44919 | Z84: 44920 | AA84: 44921 | AB84: 44922
I85: 170 | J85: 1750.34 | K85: 305 | V85: 150 | W85: 370 | X85: 220 | Y85: 370 | Z85: 560 | AA85: 330 | AB85: 515
V86: 110 | W86: 440 | X86: 330 | Y86: 405 | Z86: 110 | AA86: 280 | AB86: 728.45 | AI86: =V87+V88 -> 1561.9
V87: 390 | W87: 110 | X87: 1143.45 | Y87: 955 | Z87: 350 | AA87: 1003.45 | AB87: 943.45 | AD87: 4990.8
V88: 1171.9 | W88: 465 | X88: 1446.05 | Y88: 981.15 | AA88: 155 | AB88: 75 | AD88: 3690.2
V89: 1910.43 | W89: 748.45 | X89: 320 | Y89: 185 | AA89: 185 | AB89: 220 | AD89: 1905.54
A90: =SUM(A74:A89) -> 4758.5 | B90: =SUM(B74:B89) -> 5116.8 | C90: =SUM(C74:C89) -> 600 | D90: =SUM(D74:D89) -> 4563.5 | E90: =SUM(E74:E89) -> 3764.78 | F90: =SUM(A90:E90) -> 18803.58 | I90: =SUM(I74:I89) -> 6423.84 | J90: =SUM(J74:J89) -> 6633.84 | K90: =SUM(K74:K89) -> 6567.94 | L90: =SUM(L74:L89) -> 3105.42 | M90: =SUM(M74:M89) -> 685 | N90: =SUM(N74:N89) -> 4423.5 | O90: =SUM(I90:N90) -> 27839.54 | P90: =SUM(P74:P89) -> 0 | Q90: =SUM(Q74:Q89) -> 0 | V90: 170 | W90: 1380.53 | X90: 110 | Y90: 195 | AA90: 185 | AB90: 240 | AD90: 11432.35
A91: 4758.5 | B91: 5116.8 | C91: 600 | D91: 4563.5 | F91: 19192.2 | I91: 6423.84 | J91: 6633.84 | K91: 6567.94 | L91: 3105.42 | M91: 685 | N91: 4423.5 | O91: 20187.2 | V91: 147.45 | W91: 85 | X91: 222.45 | Y91: 147.45 | AA91: 310 | AB91: 553.1 | AD91: =SUM(AD85:AD90) -> 22018.89
A92: =A90-A91 -> 0 | B92: =B90-B91 -> 0 | C92: =C90-C91 -> 0 | D92: =D90-D91 -> 0 | E92: =E90-E91 -> 3764.78 | F92: =SUM(F90:F91) -> 37995.78 | I92: =I90-I91 -> 0 | J92: =J90-J91 -> 0 | K92: =K90-K91 -> 0 | L92: =L90-L91 -> 0 | M92: =M90-M91 -> 0 | N92: =N90-N91 -> 0 | O92: =SUM(O90:O91) -> 48026.74 | V92: 355 | W92: 195 | X92: 345 | Y92: 230 | AA92: 146.55 | AB92: 180
F93: =F92-47722.47 -> -9726.69 | V93: 183.1 | W93: 110 | X93: 496.55 | Y93: 220 | AA93: 75
V94: 130 | W94: 260 | X94: 150
W95: 516.55
A96: 44876 | B96: 44877 | C96: 44878 | D96: 44879 | E96: 44880 | I96: 44881 | J96: 44882 | K96: 44883 | L96: 44884 | M96: 44885 | N96: 44886 | O96: 44887 | W96: 150
A97: 150 | B97: 185 | C97: 220 | D97: 110 | E97: 260 | I97: 260 | J97: 260 | K97: 405 | L97: 330 | M97: 330 | N97: 330 | O97: 315 | W97: 147.45
A98: 1421.9 | B98: 968.45 | D98: 1016.9 | E98: 1331.9 | I98: 1501.9 | J98: 1115 | K98: 1165 | L98: 873.45 | N98: 906.9 | O98: 1171.9 | W98: -130
A99: 1276.05 | B99: 195 | D99: 1640.12 | E99: 4990.8 | I99: 1485.74 | J99: 1565.12 | K99: 1485.74 | L99: 270 | N99: 1122.77 | O99: 1015.01
A100: 185 | B100: 380 | D100: 75 | E100: 3690.2 | I100: 275 | J100: 185 | K100: 75 | L100: 370 | N100: 75 | O100: 110 | V100: =SUM(V85:V99) -> 4717.88 | W100: =SUM(W85:W99) -> 4847.98 | X100: =SUM(X85:X99) -> 4783.5 | Y100: =SUM(Y85:Y99) -> 3688.6 | Z100: =SUM(Z85:Z99) -> 1020 | AA100: =SUM(AA85:AA99) -> 2670 | AB100: =SUM(AB85:AB99) -> 3455 | AC100: =SUM(V100:AB100) -> 25182.96 | AD100: =AC100+AD91 -> 47201.85 | AE100: 47201.85 | AF100: =AE100-AD100 -> 0 | AH100: 369.02
A101: 200 | B101: 190 | D101: 80 | E101: 215.52 | I101: 270 | J101: 305 | K101: 255 | L101: 110 | N101: 110 | O101: 465 | V101: 4717.88 | W101: 4847.98 | X101: 4783.5 | Y101: 3688.6 | Z101: 1020 | AA101: 2670 | AB101: 3455 | AC101: =SUM(V101:AB101) -> 25182.96 | AD101: Payroll Value | AH101: 350
A102: 110 | B102: 1642.63 | D102: 305 | E102: 1349.6 | I102: 147.45 | J102: 110 | K102: 147.45 | L102: 1100.82 | N102: 295 | O102: 147.45 | V102: =V100-V101 -> 0 | W102: =W100-W101 -> 0 | X102: =X100-X101 -> 0 | Y102: =Y100-Y101 -> 0 | Z102: =Z100-Z101 -> 0 | AA102: =AA100-AA101 -> 0 | AB102: =AB100-AB101 -> 0 | AC102: =AC100-AC101 -> 0 | AH102: =SUM(AH100:AH101) -> 719.02
A103: 110 | D103: 147.45 | E103: 185 | I103: 230 | J103: 147.45 | K103: 245 | L103: 305 | N103: 140 | O103: 290
A104: 110 | D104: 105 | E104: 5535.3 | I104: 643.1 | J104: 90 | K104: 220 | L104: 1991.65 | N104: 423.1 | O104: 423.1
A105: 222.45 | D105: 358.1 | E105: 147.45 | I105: 150 | J105: 350 | K105: 165 | N105: 165 | O105: 165
A106: 225 | D106: 275 | E106: 255 | I106: 150 | J106: 180 | K106: 150 | N106: 170 | O106: 10289.02
...

Sheet January 2023
A1: 44923 | B1: 44924 | C1: 44925 | D1: 44926 | E1: 44927 | F1: 44928 | G1: 44929 | I1: Registers
A2: 515 | B2: 440 | C2: 358.45 | D2: 330 | E2: 520 | F2: 618.45 | G2: 330 | I2: 2830
A3: 1283.45 | B3: 440 | C3: 570 | D3: 1141.9 | E3: 330 | F3: 606.9 | G3: 525.35 | I3: 700
A4: 1746.05 | B4: 841.9 | C4: 1068.45 | D4: 1128.6 | F4: 1090.35 | G4: 1293.8 | I4: 4990.8
A5: 60 | B5: 1445.53 | C5: 1436.05 | D5: 185 | G5: 1576.05 | I5: 589.8
A6: 147.45 | B6: 75 | C6: 105 | D6: 305 | F6: 110 | G6: 195 | I6: =3690.2+1548.62 -> 5238.82
A7: 120 | B7: 370 | C7: 110 | D7: 185 | F7: 330 | G7: 380 | I7: 4059.22
A8: 146.55 | B8: 222.45 | C8: 222.45 | D8: 255.21 | F8: 305 | G8: 110 | I8: =SUM(I2:I7) -> 18408.64
A9: 150 | B9: 325 | C9: 235 | D9: 345 | F9: 185 | G9: 147.45
A10: 60 | B10: 533.1 | C10: 313.1 | D10: 403.1 | F10: 145 | G10: 310
A11: 220 | B11: 165 | C11: 180 | F11: 454.3 | G11: 390.85
F12: 90 | G12: 150
F13: 20
A16: =SUM(A2:A15) -> 4448.5 | B16: =SUM(B2:B15) -> 4857.98 | C16: =SUM(C2:C15) -> 4598.5 | D16: =SUM(D2:D15) -> 4278.81 | E16: =SUM(E2:E15) -> 850 | F16: =SUM(F2:F15) -> 3955 | G16: =SUM(G2:G15) -> 5408.5 | H16: =SUM(A16:G16)+I8 -> 46805.93 | I16: OASys Value
A17: 4448.5 | B17: 4857.98 | C17: 4598.5 | D17: 4278.81 | E17: 850 | F17: 3955 | G17: 5408.5 | H17: =SUM(A17:G17) -> 28397.29 | I17: Payroll Value
A18: =A16-A17 -> 0 | B18: =B16-B17 -> 0 | C18: =C16-C17 -> 0 | D18: =D16-D17 -> 0 | E18: =E16-E17 -> 0 | F18: =F16-F17 -> 0 | G18: =G16-G17 -> 0
A20: 44930 | B20: 44931 | C20: 44932 | D20: 44933 | E20: 44934 | F20: 44935 | G20: 44936 | I20: Registers
A21: 468.45 | B21: 220 | C21: 496.9 | D21: 220 | E21: 75 | F21: 826.9 | G21: 185 | I21: 4990.8
A22: 1333.8 | B22: 606.9 | C22: 405 | D22: 496.9 | E22: 75 | F22: 330 | G22: 468.45 | I22: 3690.2
A23: 1139.91 | B23: 1423.8 | C23: 490 | D23: 1353.8 | E23: 110 | F23: 813.8 | G23: 1588.8 | I23: 589.8
A24: 245 | B24: 1179.6 | C24: 681.9 | D24: 110 | E24: 110 | F24: 1525.43 | G24: 1470.12 | I24: 4797.26
A25: 110 | B25: 170 | C25: 1355.22 | D25: 220 | E25: 110 | F25: 235 | G25: 110 | I25: =3065+1050 -> 4115
A26: 297.45 | B26: 110 | C26: 350 | D26: 110 | F26: 445 | G26: 345 | I26: 1548.62
A27: 300 | B27: 455 | C27: 110 | D27: 1100.82 | F27: 110 | G27: 222.45 | I27: =SUM(I21:I26) -> 19731.68
A28: 447.75 | B28: 1275 | C28: 147.45 | D28: 350 | F28: 222.45 | G28: 185
A29: 150 | B29: 257.45 | C29: 240 | D29: 734.3 | F29: 250 | G29: 447.75
A30: 110 | B30: 305 | C30: 421.2 | F30: 824.3 | G30: 165
B31: 364.3 | C31: 150 | F31: 165
B32: 150 | C32: 110
B33: 110
A35: =SUM(A21:A34) -> 4602.36 | B35: =SUM(B21:B34) -> 6627.05 | C35: =SUM(C21:C34) -> 4957.67 | D35: =SUM(D21:D34) -> 4695.82 | E35: 480 | F35: =SUM(F21:F34) -> 5747.88 | G35: =SUM(G21:G34) -> 5187.57 | H35: =SUM(A35:G35)+I27 -> 52030.03 | I35: OASys Value
A36: 4602.36 | B36: 6627.05 | C36: 4957.67 | D36: 4695.82 | E36: 480 | F36: 5747.88 | G36: 5187.57 | H36: =SUM(A36:G36)+I27 -> 52030.03 | I36: Payroll Value
A37: =A35-A36 -> 0 | B37: =B35-B36 -> 0 | C37: =C35-C36 -> 0 | D37: =D35-D36 -> 0 | E37: =E35-E36 -> 0 | F37: =F35-F36 -> 0 | G37: =G35-G36 -> 0
A39: 44937 | B39: 44938 | C39: 44939 | D39: 44940 | E39: 44941 | F39: 44942 | G39: 44943 | I39: Registers
A40: 110 | B40: 440 | C40: 330 | D40: 220 | E40: 370 | F40: 550 | G40: 440 | I40: 4797.26
A41: 496.9 | B41: 138.45 | C41: 358.45 | D41: 386.9 | E41: 465 | F41: 330 | G41: 110 | I41: 4990.8
A42: 1548.8 | B42: 380 | C42: 1623.8 | D42: 380 | E42: 220 | F42: 1053.8 | G42: 1068.8 | I42: 5095
A43: 1100.22 | B43: 553.8 | C43: 1491.57 | D43: 805.35 | F43: 1570.95 | G43: 1650.33 | I43: 4943.92
A44: 170 | B44: 1395.12 | C44: 220 | D44: 185 | F44: 135 | G44: 185 | I44: 510.42
A45: 147.45 | B45: 185 | C45: 147.45 | D45: 370 | F45: 220 | G45: 270
A46: 210 | B46: 270 | C46: 185 | D46: 110 | F46: 110 | G46: 110 | I46: =SUM(I40:I45) -> 20337.4
A47: 714.3 | B47: 185 | C47: 502.75 | D47: 120 | F47: 147.45 | G47: 147.45
A48: 180 | B48: 147.45 | C48: 165 | D48: 262.75 | F48: 80 | G48: 235
A49: 75 | B49: 225 | C49: 410 | F49: 606.2 | G49: 256.2
A50: 690 | B50: 392.75 | F50: 150 | G50: 150
B51: 165 | F51: 260 | G51: 450
B52: 470
A54: =SUM(A40:A53) -> 5442.67 | B54: =SUM(B40:B53) -> 4947.57 | C54: =SUM(C40:C53) -> 5434.02 | D54: =SUM(D40:D53) -> 2840 | E54: =SUM(E40:E53) -> 1055 | F54: =SUM(F40:F53) -> 5213.4 | G54: =SUM(G40:G53) -> 5072.78 | H54: =SUM(A54:G54)+I46 -> 50342.84 | I54: OASys Value
A55: 5442.67 | B55: 4947.57 | C55: 5434.02 | D55: 2840 | E55: 1055 | F55: 5213.4 | G55: 5072.78 | H55: =SUM(A55:G55)+I46 -> 50342.84 | I55: Payroll Value
A56: =A54-A55 -> 0 | B56: =B54-B55 -> 0 | C56: =C54-C55 -> 0 | D56: =D54-D55 -> 0 | E56: =E54-E55 -> 0 | F56: =F54-F55 -> 0 | G56: =G54-G55 -> 0
V57: =SUM(V15:V56) -> 0
A58: 44579 | B58: 44580 | C58: 44581 | D58: 44582 | E58: 44583 | F58: 44584 | G58: 44585 | I58: Registers
A59: 220 | B59: 550 | C59: 770 | D59: 110 | E59: 300 | F59: 405 | G59: 606.9 | I59: 638.03
A60: 330 | B60: 110 | C60: 330 | D60: 220 | E60: 110 | F60: 468.45 | G60: 110 | I60: 700
A61: 5 | B61: 1108.8 | C61: 1443.8 | D61: 785 | E61: 110 | F61: 1155.35 | G61: 1016.9 | I61: 4900
A62: 1985.64 | B62: 1685.64 | C62: 1606.26 | D62: 110 | F62: 1276.05 | G62: 1100.22 | I62: 4797.26
A63: 210 | B63: 185 | C63: 110 | D63: 780 | F63: 90 | G63: 185 | I63: 4389.66
A64: 75 | B64: 370 | C64: 75 | D64: 110 | F64: 295 | G64: 445 | I64: 4943.93
A65: 222.45 | B65: 110 | C65: 130 | D65: 1100.82 | F65: 110 | G65: 110 | I65: =SUM(I59:I64) -> 20368.88
A66: 320 | B66: 147.45 | C66: 75 | D66: 195 | F66: 222.45 | G66: 147.45
A67: 431.2 | B67: 225 | C67: 147.45 | D67: 405 | F67: 220 | G67: 120
A68: 165 | B68: 366.2 | C68: 200 | F68: 606.2 | G68: 256.2
A69: 110 | B69: 165 | C69: 256.2 | F69: 170 | G69: 150
B70: 300 | C70: 150 | F70: 150 | G70: 300
A73: =SUM(A59:A72) -> 4074.29 | B73: =SUM(B59:B72) -> 5323.09 | C73: =SUM(C59:C72) -> 5293.71 | D73: =SUM(D59:D72) -> 3815.82 | E73: =SUM(E59:E72) -> 520 | F73: =SUM(F59:F72) -> 5168.5 | G73: =SUM(G59:G72) -> 4547.67 | H73: =SUM(A73:G73)+I65 -> 49111.96 | I73: OASys Value
A74: 5658.09 | B74: 5323.09 | C74: 5293.71 | D74: 3815.82 | E74: 520 | F74: 5168.5 | G74: 4547.67 | H74: =SUM(A74:G74)+I65 -> 50695.76 | I74: Payroll Value
A75: =A73-A74 -> -1583.8 | B75: =B73-B74 -> 0 | C75: =C73-C74 -> 0 | D75: =D73-D74 -> 0 | E75: =E73-E74 -> 0 | F75: =F73-F74 -> 0 | G75: =G73-G74 -> 0
A77: 44951 | B77: 44952 | C77: 44953 | D77: 44954 | E77: 44955 | F77: 44956 | G77: 44957 | I77: Registers
A78: 468.45 | B78: 330 | C78: 405 | D78: 220 | E78: 150 | F78: 330 | G78: 295 | I78: 4900
A79: 330 | B79: 330 | C79: 220 | D79: 110 | E79: 515 | F79: 220 | G79: 330 | I79: 4797.26
A80: 970.35 | B80: 1143.8 | C80: 1218.8 | D80: 913.45 | E80: 185 | F80: 895.35 | G80: 791.9 | I80: =3690.2+1253.72 -> 4943.92
A81: 1276.05 | B81: 1276.05 | C81: 1060.53 | D81: 185 | E81: 185 | F81: 215.52 | G81: 276.9 | I81: 510.42
A82: 245 | B82: 150 | C82: 275 | D82: 445 | F82: 1322.67 | G82: 215.52 | I82: 700
A83: 110 | B83: 445 | C83: 110 | D83: 200 | F83: 75 | G83: 1570.95 | I83: 4389.66
A84: 147.45 | B84: 147.45 | C84: 147.45 | D84: 266.55 | F84: 75 | G84: 260 | I84: =SUM(I78:I83) -> 20241.26
A85: 285 | B85: 160 | C85: 235 | F85: 90 | G85: 370
A86: 606.2 | B86: 256.2 | C86: 256.2 | F86: 370 | G86: 110
A87: 165 | B87: 110 | C87: 110 | F87: 110 | G87: 147.45
A88: 75 | B88: 150 | C88: 150 | F88: 147.45 | G88: 230
A89: 450 | B89: 300 | F89: 220 | G89: 256.2
A90: 110 | F90: 634.65 | G90: 150
F91: 275
A92: =SUM(A78:A91) -> 5238.5 | B92: =SUM(B78:B91) -> 4798.5 | C92: =SUM(C78:C91) -> 4187.98 | D92: =SUM(D78:D91) -> 2340 | E92: =SUM(E78:E91) -> 1035 | F92: =SUM(F78:F91) -> 4980.64 | G92: =SUM(G78:G91) -> 5003.92 | H92: =SUM(A92:G92)+I84 -> 47825.8 | I92: OASys Value
A93: 5238.5 | B93: 4798.5 | C93: 4187.98 | D93: 2340 | E93: 1035 | F93: 4980.64 | G93: 5003.92 | H93: =SUM(A93:G93)+I84 -> 47825.8 | I93: Payroll Value
A94: =A92-A93 -> 0 | B94: =B92-B93 -> 0 | C94: =C92-C93 -> 0 | D94: =D92-D93 -> 0 | E94: =E92-E93 -> 0 | F94: =F92-F93 -> 0 | G94: =G92-G93 -> 0

Sheet February 2023
A1: 44958 | B1: 44959 | C1: 44960 | D1: 44961 | E1: 44962 | F1: 44963 | G1: 44964 | I1: Registers
A2: 440 | B2: 330 | C2: 681.9 | D2: 386.9 | E2: 150 | F2: 543.45 | G2: 440 | I2: 215.52 | Y2: 6495.9
A3: 75 | B3: 1103.8 | C3: 330 | D3: 185 | E3: 110 | F3: 578.45 | G3: 185 | I3: 4775 | Y3: 7075
A4: 923.8 | B4: 150 | C4: 873.45 | D4: 625 | E4: 110 | F4: 1016.9 | G4: 345 | I4: 4797.26
A5: 1695.64 | B5: 1355.43 | C5: 170 | D5: 85 | E5: 185 | F5: 1685.64 | G5: 858.8 | I5: 5238.82
A6: 60 | B6: 110 | C6: 1276.05 | D6: 660 | F6: 185 | G6: 1570.95 | I6: 3743.1
A7: 110 | B7: 295 | C7: 110 | D7: 110 | F7: 75 | G7: 195 | I7: 330
A8: 147.45 | B8: 475 | C8: 155 | D8: 1100.82 | F8: 100 | G8: 295
A9: 165 | B9: 147.45 | C9: 110 | D9: 230 | F9: 305 | G9: 147.45
A10: 606.2 | B10: 105 | C10: 147.45 | D10: 1714.18 | F10: 147.45 | G10: 90
A11: 165 | B11: 606.2 | C11: 195 | F11: 315 | G11: 256.2
A12: 300 | B12: 165 | C12: 209.65 | F12: 606.2 | G12: 180
B13: 320 | C13: 150 | F13: 165 | G13: 320
I14: =SUM(I2:I13) -> 19099.7
A18: =SUM(A2:A17) -> 4688.09 | B18: =SUM(B2:B17) -> 5162.88 | C18: =SUM(C2:C17) -> 4408.5 | D18: =SUM(D2:D17) -> 5096.9 | E18: =SUM(E2:E17) -> 555 | F18: =SUM(F2:F17) -> 5723.09 | G18: =SUM(G2:G17) -> 4883.4 | H18: =SUM(A18:G18)+I14 -> 49617.56 | I18: OASys Value
A19: 4688.09 | B19: 5162.88 | C19: 4408.5 | D19: 5096.9 | E19: 555 | F19: 5723.09 | G19: 4883.4 | H19: =SUM(A19:G19)+I14 -> 49617.56 | I19: Payroll Value
A20: =A18-A19 -> 0 | B20: =B18-B19 -> 0 | C20: =C18-C19 -> 0 | D20: =D18-D19 -> 0 | E20: =E18-E19 -> 0 | F20: =F18-F19 -> 0 | G20: =G18-G19 -> 0
A22: 44965 | B22: 44966 | C22: 44967 | D22: 44968 | E22: 44969 | F22: 44970 | G22: 44971 | I22: Registers | L22: 44965 | N22: 44966 | P22: 44967 | R22: 44968 | T22: 44969 | V22: 44970 | X22: 44971
A23: 75 | B23: 625 | C23: 1891.9 | D23: 1477.25 | E23: 150 | F23: 1938.8 | G23: 1788.8 | I23: 4797.26 | L23: Jobsheets | M23: Cash Vouchers | N23: Jobsheets | O23: Cash Vouchers | P23: Jobsheets | Q23: Cash Vouchers | R23: Jobsheets | S23: Cash Vouchers | T23: Jobsheets | U23: Cash Vouchers | V23: Jobsheets | W23: Cash Vouchers | X23: Jobsheets | Y23: Cash Vouchers
A24: 110 | B24: 358.45 | C24: 2054.02 | D24: 860 | E24: 240 | F24: 2693.09 | G24: 2172.88 | I24: 3743.1 | L24: 1530 | M24: 1620 | N24: 1200 | O24: 125 | P24: 4350 | Q24: 60 | R24: 2430 | S24: 257 | T24: 300 | V24: 4080 | W24: 42.5 | X24: 3900 | Y24: 60
A25: 405 | B25: 1310.35 | C25: 243.1 | D25: 592.75 | E25: 110 | F25: 771.2 | G25: 726.2 | I25: 4943.92 | L25: 1530 | M25: 65 | N25: 1320 | O25: 60 | P25: 1730 | Q25: 20 | R25: 880 | S25: 60 | T25: 1575 | V25: 1450 | W25: 24 | X25: 1920 | Y25: 30
A26: 930.35 | B26: 1383.81 | E26: 110 | I26: 4270 | L26: 1260 | M26: 30 | N26: 90 | P26: 290 | Q26: 37.5 | R26: 90 | T26: 120 | V26: 405 | X26: 650 | Y26: 125
A27: 138.45 | B27: 280 | I27: 350 | L27: 120 | M27: 80 | N27: 870 | P27: 210 | Q27: 189 | R27: 288 | T27: 72 | V27: 435 | X27: 264
A28: 1570.95 | B28: 222.45 | I28: 294.9 | L28: 110 | M28: 30 | N28: 120 | P28: 162 | R28: 24 | V28: 336 | X28: 24
A29: 265 | B29: 120 | I29: =SUM(I23:I28) -> 18399.18 | L29: 60 | N29: 210 | V29: 129 | Z29: =SUM(Z23:Z28) -> 0
A30: 185 | B30: 411.2 | L30: 120 | N30: 210
A31: 147.45 | B31: 150 | L31: 440 | N31: 210
A32: 155 | B32: 170 | L32: 30 | N32: 60
A33: 606.2 | L33: 60 | N33: 480
A34: 150 | L34: 450 | N34: 220
A35: 380 | L35: 186 | N35: 30
N36: 360
N37: 210
N38: 192
N39: 72
A40: =SUM(A23:A39) -> 5118.4 | B40: =SUM(B23:B39) -> 5031.26 | C40: =SUM(C23:C39) -> 4189.02 | D40: =SUM(D23:D39) -> 2930 | E40: =SUM(E23:E39) -> 610 | F40: =SUM(F23:F39) -> 5403.09 | G40: =SUM(G23:G39) -> 4687.88 | H40: =SUM(A40:G40)+I29 -> 46368.83 | I40: OASys Value | L40: =SUM(L24:L39) -> 5896 | M40: =SUM(M24:M39) -> 1825 | N40: =SUM(N24:N39) -> 5854 | O40: =SUM(O24:O39) -> 185 | P40: =SUM(P24:P39) -> 6742 | Q40: =SUM(Q24:Q39) -> 306.5 | R40: =SUM(R24:R39) -> 3712 | S40: =SUM(S24:S39) -> 317 | ... Y40: =SUM(Y24:Y39) -> 215 | Z40: =L41+N41+P41+R41+T41+V41+X41 -> 37864
A41: 5118.4 | B41: 5031.26 | C41: 4189.02 | D41: 2930 | E41: 610 | F41: 5403.09 | G41: 4687.88 | H41: =SUM(A41:G41)+I29 -> 46368.83 | I41: Payroll Value | K41: SubTotal | L41: 5896 | M41: 1825 | N41: 5854 | O41: 185 | P41: 6742 | Q41: 306.5 | R41: 3712 | S41: 317 | T41: 2067 | U41: 0 | V41: 6835 | W41: 66.5 | X41: 6758 | Y41: 215 | Z41: =M41+O41+Q41+S41+U41+W41+Y41 -> 2915
A42: =A40-A41 -> 0 | B42: =B40-B41 -> 0 | C42: =C40-C41 -> 0 | D42: =D40-D41 -> 0 | E42: =E40-E41 -> 0 | F42: =F40-F41 -> 0 | G42: =G40-G41 -> 0 | K42: Difference | L42: =L40-L41 -> 0 | M42: =M40-M41 -> 0 | N42: =N40-N41 -> 0 | O42: =O40-O41 -> 0 | P42: =P40-P41 -> 0 | Q42: =Q40-Q41 -> 0 | R42: =R40-R41 -> 0 | S42: =S40-S41 -> 0 | ... Y42: =Y40-Y41 -> 0
A44: 44972 | B44: 44973 | C44: 44974 | D44: 44975 | E44: 44976 | F44: 44977 | G44: 44978 | I44: Registers | L44: 44972 | N44: 44973 | P44: 44974 | R44: 44975 | T44: 44976 | V44: 44977 | X44: 44978
A45: 1653.8 | B45: 1555.35 | C45: 885 | D45: 1455 | E45: 540 | F45: 1815.35 | G45: 1873.8 | I45: 3743.1 | L45: Jobsheets | M45: Cash Vouchers | N45: Jobsheets | O45: Cash Vouchers | P45: Jobsheets | Q45: Cash Vouchers | R45: Jobsheets | S45: Cash Vouchers | T45: Jobsheets | U45: Cash Vouchers | V45: Jobsheets | W45: Cash Vouchers | X45: Jobsheets | Y45: Cash Vouchers
A46: 2283.4 | B46: 248.45 | C46: 1146.9 | D46: 2155.82 | E46: 220 | F46: 3088.09 | G46: 1426.05 | I46: 3690.2 | L46: 4350 | M46: 60 | N46: 3990 | O46: 120 | P46: 2790 | Q46: 60 | R46: 2430 | S46: 45 | T46: 180 | V46: 2740 | W46: 50 | X46: 3930 | Y46: 1680
A47: 1576.2 | B47: 2483.5 | C47: 1917.98 | D47: 220 | F47: 914.65 | G47: 852.45 | I47: 725.94 | L47: 1670 | M47: 50 | N47: 1275 | O47: 472 | P47: 1410 | Q47: 65 | R47: 690 | S47: 60 | T47: 210 | V47: 1410 | X47: 1560 | Y47: 125
B48: 746.2 | C48: 398.1 | G48: 126.2 | I48: 4797.26 | L48: 150 | N48: 805 | O48: 57.5 | P48: 2110 | R48: 120 | T48: 72 | V48: 2010 | X48: 60
C49: 294.9 | G49: 640 | I49: 1253.72 | L49: 72 | N49: 280 | P49: 370 | R49: 264 | V49: 60 | X49: 500
I50: 5455 | L50: 102 | P50: 72 | V50: 360 | X50: 210
I51: =SUM(I45:I50) -> 19665.22 | P51: 90 | V51: 336 | Z51: =SUM(Z45:Z50) -> 0
V52: 114
A59: =SUM(A45:A58) -> 5513.4 | B59: =SUM(B45:B58) -> 5033.5 | C59: =SUM(C45:C58) -> 4642.88 | D59: =SUM(D45:D58) -> 3830.82 | E59: =SUM(E45:E58) -> 760 | F59: =SUM(F45:F58) -> 5818.09 | G59: =SUM(G45:G58) -> 4918.5 | H59: =SUM(A59:G59)+I51 -> 50182.41 | I59: OASys Value | L59: =SUM(L46:L58) -> 6344 | M59: =SUM(M46:M58) -> 110 | N59: =SUM(N46:N58) -> 6350 | O59: =SUM(O46:O58) -> 649.5 | P59: =SUM(P46:P58) -> 6842 | Q59: =SUM(Q46:Q58) -> 125 | R59: =SUM(R46:R58) -> 3504 | S59: =SUM(S46:S58) -> 105 | ... Y59: =SUM(Y46:Y58) -> 1805 | Z59: =L60+N60+P60+R60+T60+V60+X60 -> 36792
A60: 5513.4 | B60: 5033.5 | C60: =4347.98+294.9 -> 4642.88 | D60: 3830.82 | E60: 760 | F60: 5818.09 | G60: 4918.5 | H60: =SUM(A60:G60)+I51 -> 50182.41 | I60: Payroll Value | K60: SubTotal | L60: 6344 | M60: 110 | N60: 6350 | O60: 649.5 | P60: 6842 | Q60: 125 | R60: 3504 | S60: 105 | T60: 462 | V60: 7030 | W60: 50 | X60: 6260 | Y60: 1805 | Z60: =M60+O60+Q60+S60+U60+W60+Y60 -> 2844.5
A61: =A59-A60 -> 0 | B61: =B59-B60 -> 0 | C61: =C59-C60 -> 0 | D61: =D59-D60 -> 0 | E61: =E59-E60 -> 0 | F61: =F59-F60 -> 0 | G61: =G59-G60 -> 0 | K61: Difference | L61: =L59-L60 -> 0 | M61: =M59-M60 -> 0 | N61: =N59-N60 -> 0 | O61: =O59-O60 -> 0 | P61: =P59-P60 -> 0 | Q61: =Q59-Q60 -> 0 | R61: =R59-R60 -> 0 | S61: =S59-S60 -> 0 | ... Y61: =Y59-Y60 -> 0
A63: 44979 | B63: 44980 | C63: 44981 | D63: 44982 | E63: 44983 | F63: 44984 | G63: 44985 | I63: Registers | L63: 44979 | N63: 44980 | P63: 44981 | R63: 44982 | T63: 44983 | V63: 44984 | X63: 44985
A64: 2055.35 | B64: 1490.35 | C64: 1913.45 | D64: 1615.35 | E64: 345 | F64: 1370.35 | G64: 1867.25 | I64: 3690.2 | L64: Jobsheets | M64: Cash Vouchers | N64: Jobsheets | O64: Cash Vouchers | P64: Jobsheets | Q64: Cash Vouchers | R64: Jobsheets | S64: Cash Vouchers | T64: Jobsheets | U64: Cash Vouchers | V64: Jobsheets | W64: Cash Vouchers | X64: Jobsheets | Y64: Cash Vouchers
A65: 2533.4 | B65: 2419.02 | C65: 138.45 | D65: 2447.94 | E65: 220 | F65: 2638.4 | G65: 2543.4 | I65: 1253.72 | L65: 4050 | M65: 1740 | N65: 4110 | O65: 60 | P65: 3990 | R65: 2620 | S65: 4200 | T65: 120 | U65: 384.5 | V65: 4480 | W65: 95 | X65: 3960 | Y65: 125
A66: 924.65 | B66: 1019.65 | C66: 2705.9 | D66: 319.65 | F66: 1229.65 | G66: 772.75 | I66: 3493.56 | L66: 1170 | M66: 72 | N66: 1230 | O66: 65 | P66: 1680 | R66: 1080 | S66: 50 | T66: 180 | U66: 60 | V66: 2380 | W66: 60 | X66: 1470 | Y66: 1860
C67: 423.1 | I67: 4805 | L67: 780 | N67: 740 | P67: 370 | R67: 90 | T67: 210 | V67: 600 | X67: 680
I68: 4797.26 | L68: 72 | N68: 216 | P68: 72 | R68: 227 | T68: 72 | V68: 333 | X68: 222
L69: 24 | N69: 24 | P69: 78 | V69: 138
I70: =SUM(I64:I69) -> 18039.74 | L70: 90 | P70: 24 | Z70: =SUM(Z64:Z69) -> 0
A78: =SUM(A64:A77) -> 5513.4 | B78: =SUM(B64:B77) -> 4929.02 | C78: =SUM(C64:C77) -> 5180.9 | D78: =SUM(D64:D77) -> 4382.94 | E78: =SUM(E64:E77) -> 565 | F78: =SUM(F64:F77) -> 5238.4 | G78: =SUM(G64:G77) -> 5183.4 | H78: =SUM(A78:G78)+I70 -> 49032.8 | I78: OASys Value | L78: =SUM(L65:L77) -> 6186 | M78: =SUM(M65:M77) -> 1812 | N78: =SUM(N65:N77) -> 6320 | O78: =SUM(O65:O77) -> 125 | P78: =SUM(P65:P77) -> 6214 | Q78: =SUM(Q65:Q77) -> 0 | R78: =SUM(R65:R77) -> 4017 | S78: =SUM(S65:S77) -> 4250 | ... Y78: =SUM(Y65:Y77) -> 1985 | Z78: =L79+N79+P79+R79+T79+V79+X79 -> 37582
A79: 5513.4 | B79: 4929.02 | C79: 5180.9 | D79: 4382.94 | E79: 565 | F79: 5238.4 | G79: 5183.4 | H79: =SUM(A79:G79)+I70 -> 49032.8 | I79: Payroll Value | L79: 6186 | M79: 1812 | N79: 6320 | O79: 125 | P79: 6214 | R79: 4017 | S79: 4250 | T79: 582 | U79: 444.5 | V79: 7931 | W79: 155 | X79: 6332 | Y79: 1985 | Z79: =M79+O79+Q79+S79+U79+W79+Y79 -> 8771.5
A80: =A78-A79 -> 0 | B80: =B78-B79 -> 0 | C80: =C78-C79 -> 0 | D80: =D78-D79 -> 0 | E80: =E78-E79 -> 0 | F80: =F78-F79 -> 0 | G80: =G78-G79 -> 0 | L80: =L78-L79 -> 0 | M80: =M78-M79 -> 0 | N80: =N78-N79 -> 0 | O80: =O78-O79 -> 0 | P80: =P78-P79 -> 0 | Q80: =Q78-Q79 -> 0 | R80: =R78-R79 -> 0 | S80: =S78-S79 -> 0 | ... Y80: =Y78-Y79 -> 0

Sheet March 2023
A1: 44986 | B1: 44987 | C1: 44988 | D1: 44989 | E1: 44990 | F1: 44991 | G1: 44992 | I1: Registers | L1: 44986 | N1: 44987 | P1: 44988 | R1: 44989 | T1: 44990 | V1: 44991 | X1: 44992
A2: 1596.9 | B2: 1530.35 | C2: 2186.9 | D2: 1508.8 | E2: 370 | G2: 1828.8 | I2: 700 | L2: Jobsheets | M2: Cash Vouchers | N2: Jobsheets | O2: Cash Vouchers | P2: Jobsheets | Q2: Cash Vouchers | R2: Jobsheets | S2: Cash Vouchers | T2: Jobsheets | U2: Cash Vouchers | V2: Jobsheets | W2: Cash Vouchers | X2: Jobsheets | Y2: Cash Vouchers
A3: 2108.19 | B3: 3264.02 | C3: 1809.02 | D3: 2060.82 | E3: 110 | G3: 1254.6 | I3: 510.42 | L3: 4350 | M3: 60 | N3: 4080 | O3: 220 | P3: 3930 | Q3: 80 | R3: 2820 | S3: 65 | T3: 120 | V3: 4440 | W3: 372 | X3: 4020 | Y3: 125
A4: 983.1 | B4: 609.65 | C4: 313.1 | D4: 511.2 | G4: 882.45 | I4: 4455 | L4: 1060 | M4: 237.5 | N4: 2570 | O4: 120 | P4: 1890 | Q4: 180 | R4: 1170 | T4: 360 | V4: 2190 | W4: 290 | X4: 1485 | Y4: 24
G5: 256.2 | I5: 4797.26 | L5: 540 | N5: 460 | P5: 980 | R5: 90 | T5: 120 | V5: 800 | X5: 275
F6: 1518.8 | G6: 165 | I6: 4943.92 | L6: 72 | N6: 222 | P6: 72 | R6: 395 | T6: 72 | V6: 300 | X6: 228
F7: 2072.88 | I7: 3924.6 | L7: 24 | P7: 90 | R7: 24 | V7: 90 | X7: 60
F8: 1026.2 | I8: =SUM(I2:I7) -> 19331.2 | L8: 90 | Z8: =SUM(Z2:Z7) -> 0
A16: =SUM(A2:A15) -> 4688.19 | B16: =SUM(B2:B15) -> 5404.02 | C16: =SUM(C2:C15) -> 4309.02 | D16: =SUM(D2:D15) -> 4080.82 | E16: =SUM(E2:E15) -> 480 | F16: =SUM(F2:F15) -> 4617.88 | G16: =SUM(G2:G15) -> 4387.05 | H16: =SUM(A16:G16)+I8 -> 47298.18 | I16: OASys Value | L16: =SUM(L3:L15) -> 6136 | M16: =SUM(M3:M15) -> 297.5 | N16: =SUM(N3:N15) -> 7332 | O16: =SUM(O3:O15) -> 340 | P16: =SUM(P3:P15) -> 6962 | Q16: =SUM(Q3:Q15) -> 260 | R16: =SUM(R3:R15) -> 4499 | S16: =SUM(S3:S15) -> 65 | ... Y16: =SUM(Y3:Y15) -> 149 | Z16: =L17+N17+P17+R17+T17+V17+X17 -> 39489
A17: 4688.19 | B17: 5404.02 | C17: 4309.02 | D17: 4080.82 | E17: 480 | F17: 4617.88 | G17: 4387.05 | H17: =SUM(A17:G17)+I8 -> 47298.18 | I17: Payroll Value | L17: 6136 | M17: 297.5 | N17: 7332 | O17: 340 | P17: 6962 | Q17: 260 | R17: 4499 | S17: 65 | T17: 672 | U17: 0 | V17: 7820 | W17: 662 | X17: 6068 | Y17: 149 | Z17: =M17+O17+Q17+S17+U17+W17+Y17 -> 1773.5
A18: =A16-A17 -> 0 | B18: =B16-B17 -> 0 | C18: =C16-C17 -> 0 | D18: =D16-D17 -> 0 | E18: =E16-E17 -> 0 | F18: =F16-F17 -> 0 | G18: =G16-G17 -> 0 | L18: =L16-L17 -> 0 | M18: =M16-M17 -> 0 | N18: =N16-N17 -> 0 | O18: =O16-O17 -> 0 | P18: =P16-P17 -> 0 | Q18: =Q16-Q17 -> 0 | R18: =R16-R17 -> 0 | S18: =S16-S17 -> 0 | ... Y18: =Y16-Y17 -> 0
A20: 44993 | B20: 44994 | C20: 44995 | D20: 44996 | E20: 44997 | F20: 44998 | G20: 44999 | I20: Registers | L20: 44993 | N20: 44994 | P20: 44995 | R20: 44996 | T20: 44997 | V20: 44998 | X20: 44999
A21: 1668.8 | B21: 1637.25 | C21: 1275 | D21: 1633.8 | E21: 185 | F21: 936.9 | G21: 1338.45 | I21: 5238.82 | L21: Jobsheets | M21: Cash Vouchers | N21: Jobsheets | O21: Cash Vouchers | P21: Jobsheets | Q21: Cash Vouchers | R21: Jobsheets | S21: Cash Vouchers | T21: Jobsheets | U21: Cash Vouchers | V21: Jobsheets | W21: Cash Vouchers | X21: Jobsheets | Y21: Cash Vouchers
A22: 1792.88 | B22: 1917.98 | C22: 635.35 | D22: 1825.82 | E22: 220 | F22: 3182.26 | G22: 2242.05 | I22: 294.9 | L22: 4380 | M22: 65 | N22: 4080 | O22: 237.9 | P22: 3990 | Q22: 107 | R22: 2770 | S22: 120 | T22: 60 | U22: 0 | V22: 2980 | W22: 57.5 | X22: 2430 | Y22: 125
A23: 406.2 | B23: 822.75 | C23: 1838.5 | D23: 346.2 | E23: 110 | F23: 165 | G23: 341.55 | I23: 4820.7 | L23: 1050 | M23: 1980 | N23: 1410 | O23: 65 | P23: 60 | Q23: 120 | R23: 1320 | S23: 12 | T23: 180 | V23: 1510 | W23: 242.2 | X23: 1700 | Y23: 900
C24: 509.65 | F24: 223.1 | I24: 1750 | L24: 610 | N24: 710 | P24: 1760 | Q24: 130 | R24: 228 | S24: 57.5 | T24: 60 | V24: 1050 | X24: 60
I25: 4797.26 | L25: 72 | N25: 228 | P25: 340 | S25: 65 | T25: 72 | V25: 252 | X25: 660
I26: 3950 | L26: 90 | P26: 72 | V26: 90 | X26: 300
P27: 72 | X27: 48 | Z27: =SUM(Z21:Z26) -> 0
I28: =SUM(I21:I27) -> 20851.68
A35: =SUM(A21:A34) -> 3867.88 | B35: =SUM(B21:B34) -> 4377.98 | C35: =SUM(C21:C34) -> 4258.5 | D35: =SUM(D21:D34) -> 3805.82 | E35: =SUM(E21:E34) -> 515 | F35: =SUM(F21:F34) -> 4507.26 | G35: =SUM(G21:G34) -> 3922.05 | H35: =SUM(A35:G35)+I28 -> 46106.17 | I35: OASys Value | L35: =SUM(L22:L34) -> 6202 | M35: =SUM(M22:M34) -> 2045 | N35: =SUM(N22:N34) -> 6428 | O35: =SUM(O22:O34) -> 302.9 | P35: =SUM(P22:P34) -> 6294 | Q35: =SUM(Q22:Q34) -> 357 | R35: =SUM(R22:R34) -> 4318 | S35: =SUM(S22:S34) -> 254.5 | ... Y35: =SUM(Y22:Y34) -> 1025 | Z35: =L36+N36+P36+R36+T36+V36+X36 -> 34694
A36: 3867.88 | B36: 4377.98 | C36: 4258.5 | D36: 3805.82 | E36: 515 | F36: 4507.26 | G36: 3922.05 | H36: =SUM(A36:G36)+I28 -> 46106.17 | I36: Payroll Value | L36: 6202 | M36: 2045 | N36: 6428 | O36: 302.9 | P36: 6294 | Q36: 357 | R36: 4318 | S36: 254.5 | T36: 372 | U36: 0 | V36: 5882 | W36: 299.7 | X36: 5198 | Y36: 1025 | Z36: =M36+O36+Q36+S36+U36+W36+Y36 -> 4284.1
A37: =A35-A36 -> 0 | B37: =B35-B36 -> 0 | C37: =C35-C36 -> 0 | D37: =D35-D36 -> 0 | E37: =E35-E36 -> 0 | F37: =F35-F36 -> 0 | G37: =G35-G36 -> 0 | L37: =L35-L36 -> 0 | M37: =M35-M36 -> 0 | N37: =N35-N36 -> 0 | O37: =O35-O36 -> 0 | P37: =P35-P36 -> 0 | Q37: =Q35-Q36 -> 0 | R37: =R35-R36 -> 0 | S37: =S35-S36 -> 0 | ... Y37: =Y35-Y36 -> 0
A39: 45000 | B39: 45001 | C39: 45002 | D39: 45003 | E39: 45004 | F39: 45005 | G39: 45006 | I39: Registers | L39: 45000 | N39: 45001 | P39: 45002 | R39: 45003 | T39: 45004 | V39: 45005 | X39: 45006
A40: 1740.35 | B40: 1575.35 | C40: 1590.35 | D40: 1243.45 | E40: 195 | F40: 1225.35 | G40: 1075.35 | I40: 5135 | L40: Jobsheets | M40: Cash Vouchers | N40: Jobsheets | O40: Cash Vouchers | P40: Jobsheets | Q40: Cash Vouchers | R40: Jobsheets | S40: Cash Vouchers | T40: Jobsheets | U40: Cash Vouchers | V40: Jobsheets | W40: Cash Vouchers | X40: Jobsheets | Y40: Cash Vouchers
A41: 1868.19 | B41: 2682.57 | C41: 2237.88 | D41: 540 | E41: 220 | F41: 2558.19 | G41: 570 | I41: 4605.18 | L41: 2420 | M41: 31.5 | N41: 2370 | O41: 57.5 | P41: 2550 | Q41: 94 | R41: 1860 | S41: 3960 | T41: 60 | V41: 2700 | W41: 120 | X41: 2710 | Y41: 65
A42: 1009.65 | B42: 894.65 | C42: 579.65 | D42: 431.55 | E42: 110 | F42: 679.65 | G42: 165 | I42: 5238.82 | L42: 1770 | M42: 65 | N42: 1230 | O42: 182.5 | P42: 2165 | R42: 1100 | S42: 47.5 | T42: 180 | V42: 2120 | W42: 50 | X42: 1290 | Y42: 20
G43: 209.65 | I43: 1315.74 | L43: 780 | M43: 42 | N43: 990 | P43: 705 | R43: 300 | T43: 120 | V43: 710 | W43: 391.9 | X43: 700 | Y43: 60
I44: 5166.28 | L44: 144 | N44: 300 | P44: 144 | R44: 306 | T44: 72 | V44: 744 | X44: 300
I45: 1050 | L45: 66 | N45: 26 | P45: 90 | R45: 26 | V45: 114
I46: =SUM(I40:I45) -> 22511.02 | Z46: =SUM(Z40:Z45) -> 0
A54: =SUM(A40:A53) -> 4618.19 | B54: =SUM(B40:B53) -> 5152.57 | C54: =SUM(C40:C53) -> 4407.88 | D54: =SUM(D40:D53) -> 2215 | E54: =SUM(E40:E53) -> 525 | F54: =SUM(F40:F53) -> 4463.19 | G54: =SUM(G40:G53) -> 2020 | H54: =SUM(A54:G54)+I46 -> 45912.85 | I54: OASys Value | L54: =SUM(L41:L53) -> 5180 | M54: =SUM(M41:M53) -> 138.5 | N54: =SUM(N41:N53) -> 4916 | O54: =SUM(O41:O53) -> 240 | P54: =SUM(P41:P53) -> 5654 | Q54: =SUM(Q41:Q53) -> 94 | R54: =SUM(R41:R53) -> 3592 | S54: =SUM(S41:S53) -> 4007.5 | ... Y54: =SUM(Y41:Y53) -> 145 | Z54: =L55+N55+P55+R55+T55+V55+X55 -> 31162
A55: 4618.19 | B55: 5152.57 | C55: 4407.88 | D55: 2215 | E55: 525 | F55: 4463.19 | G55: 2020 | H55: =SUM(A55:G55)+I46 -> 45912.85 | I55: Payroll Value | L55: 5180 | M55: 138.5 | N55: 4916 | O55: 240 | P55: 5654 | Q55: 94 | R55: 3592 | S55: 4007.5 | T55: 432 | U55: 0 | V55: 6388 | W55: 561.9 | X55: 5000 | Y55: 145 | Z55: =M55+O55+Q55+S55+U55+W55+Y55 -> 5186.9
A56: =A54-A55 -> 0 | B56: =B54-B55 -> 0 | C56: =C54-C55 -> 0 | D56: =D54-D55 -> 0 | E56: =E54-E55 -> 0 | F56: =F54-F55 -> 0 | G56: =G54-G55 -> 0 | L56: =L54-L55 -> 0 | M56: =M54-M55 -> 0 | N56: =N54-N55 -> 0 | O56: =O54-O55 -> 0 | P56: =P54-P55 -> 0 | Q56: =Q54-Q55 -> 0 | R56: =R54-R55 -> 0 | S56: =S54-S55 -> 0 | ... Y56: =Y54-Y55 -> 0
A58: 45007 | B58: 45008 | C58: 45009 | D58: 45010 | E58: 45011 | F58: 45012 | G58: 45013 | I58: Registers | L58: 45007 | M58: 45007 | N58: 45008 | P58: 45009 | R58: 45010 | T58: 45011 | V58: 45012 | X58: 45013
A59: 1373.8 | B59: 1445.35 | C59: 1696.9 | D59: 940 | E59: 110 | F59: 1555.35 | G59: 1448.8 | I59: 4571.16 | L59: Jobsheets | M59: Cash Vouchers | N59: Jobsheets | O59: Cash Vouchers | P59: Jobsheets | Q59: Cash Vouchers | R59: Jobsheets | S59: Cash Vouchers | T59: Jobsheets | U59: Cash Vouchers | V59: Jobsheets | W59: Cash Vouchers | X59: Jobsheets | Y59: Cash Vouchers
A60: 1787.67 | B60: 110 | C60: 2018.19 | D60: 3706.39 | E60: 850 | F60: 2128.5 | G60: 1400.22 | I60: 294.9 | L60: 2700 | M60: 50 | N60: 2220 | O60: 110 | P60: 2370 | Q60: 65 | R60: 1980 | S60: 45 | T60: 120 | U60: 0 | V60: 2590 | W60: 117.5 | X60: 2490 | Y60: 2010
A61: 951.2 | B61: 2273.19 | C61: 508.1 | D61: 220 | F61: 644.65 | G61: 767.45 | I61: 4797.26 | L61: 1710 | N61: 1615 | P61: 1915 | Q61: 30 | R61: 1670 | S61: 60 | T61: 1200 | V61: 1970 | W61: 74 | X61: 1970 | Y61: 57.5
B62: 944.65 | G62: 421.2 | I62: 5640 | L62: 970 | N62: 1045 | P62: 60 | R62: 440 | T62: 210 | V62: 660 | X62: 610
G63: 150 | I63: 3690.2 | L63: 144 | N63: 300 | P63: 785 | R63: 198 | T63: 72 | V63: 300 | X63: 300
I64: 1548.62 | L64: 96 | N64: 26 | P64: 144 | V64: 120
I65: =SUM(I59:I64) -> 20542.14 | P65: 72 | Z65: =SUM(Z59:Z64) -> 0
A73: =SUM(A59:A72) -> 4112.67 | B73: =SUM(B59:B72) -> 4773.19 | C73: =SUM(C59:C72) -> 4223.19 | D73: =SUM(D59:D72) -> 4866.39 | E73: =SUM(E59:E72) -> 960 | F73: =SUM(F59:F72) -> 4328.5 | G73: =SUM(G59:G72) -> 4187.67 | H73: =SUM(A73:G73)+I65 -> 47993.75 | I73: OASys Value | L73: =SUM(L60:L72) -> 5620 | M73: =SUM(M60:M72) -> 50 | N73: =SUM(N60:N72) -> 5206 | O73: =SUM(O60:O72) -> 110 | P73: =SUM(P60:P72) -> 5346 | Q73: =SUM(Q60:Q72) -> 95 | R73: =SUM(R60:R72) -> 4288 | S73: =SUM(S60:S72) -> 105 | ... Y73: =SUM(Y60:Y72) -> 2067.5 | Z73: =L74+N74+P74+R74+T74+V74+X74 -> 33072
A74: 4112.67 | B74: 4773.19 | C74: 4223.19 | D74: 4866.39 | E74: 960 | F74: 4328.5 | G74: 4187.67 | H74: =SUM(A74:G74)+I65 -> 47993.75 | I74: Payroll Value | L74: 5620 | M74: 50 | N74: 5206 | O74: 110 | P74: 5346 | Q74: 95 | R74: 4288 | S74: 105 | T74: 1602 | U74: 0 | V74: 5640 | W74: 191.5 | X74: 5370 | Y74: 2067.5 | Z74: =M74+O74+Q74+S74+U74+W74+Y74 -> 2619
A75: =A73-A74 -> 0 | B75: =B73-B74 -> 0 | C75: =C73-C74 -> 0 | D75: =D73-D74 -> 0 | E75: =E73-E74 -> 0 | F75: =F73-F74 -> 0 | G75: =G73-G74 -> 0 | L75: =L73-L74 -> 0 | M75: =M73-M74 -> 0 | N75: =N73-N74 -> 0 | O75: =O73-O74 -> 0 | P75: =P73-P74 -> 0 | Q75: =Q73-Q74 -> 0 | R75: =R73-R74 -> 0 | S75: =S73-S74 -> 0 | ... Y75: =Y73-Y74 -> 0
A77: 45014 | B77: 45015 | C77: 45016 | D77: 45017 | E77: 45018 | F77: 45019 | G77: 45020 | I77: Registers | L77: 45014 | M77: 45014 | N77: 45015 | P77: 45016 | R77: 45017 | T77: 45018 | V77: 45019 | X77: 45020
A78: 1718.8 | B78: 1410.35 | C78: 1645.35 | D78: 1086.9 | E78: 110 | F78: 1260.35 | G78: 1271.9 | I78: 4610 | L78: Jobsheets | M78: Cash Vouchers | N78: Jobsheets | O78: Cash Vouchers | P78: Jobsheets | Q78: Cash Vouchers | R78: Jobsheets | S78: Cash Vouchers | T78: Jobsheets | U78: Cash Vouchers | V78: Jobsheets | W78: Cash Vouchers | X78: Jobsheets | Y78: Cash Vouchers
A79: 2052.67 | B79: 2778.19 | C79: 1998.5 | D79: 2247.56 | E79: 295 | F79: 2467.57 | G79: 138.45 | I79: 4797.26 | L79: 2490 | M79: 1620 | N79: 2530 | O79: 108.5 | P79: 2490 | Q79: 1800 | R79: 1960 | S79: 40 | T79: 120 | U79: 0 | V79: 2700 | W79: 290 | X79: 2520 | Y79: 480
A80: 546.2 | B80: 699.65 | C80: 544.65 | D80: 478.1 | E80: 75 | F80: 554.65 | G80: 1732.67 | I80: 4943.92 | L80: 1660 | M80: 42.5 | N80: 1190 | P80: 1950 | Q80: 65 | R80: 760 | T80: 120 | V80: 1790 | X80: 1910 | Y80: 57.5
G81: 165 | I81: 4820.7 | L81: 570 | N81: 650 | P81: 610 | Q81: 99.9 | R81: 300 | T81: 150 | V81: 1100 | X81: 880 | Y81: 38.9
G82: 744.65 | I82: 215.52 | L82: 144 | N82: 300 | P82: 144 | Q82: 372 | R82: 204 | T82: 72 | V82: 287 | X82: 288
L83: 90 | P83: 72 | V83: 90 | X83: 24
I84: =SUM(I78:I83) -> 19387.4 | Z84: =SUM(Z78:Z83) -> 0
A92: =SUM(A78:A91) -> 4317.67 | B92: =SUM(B78:B91) -> 4888.19 | C92: =SUM(C78:C91) -> 4188.5 | D92: =SUM(D78:D91) -> 3812.56 | E92: =SUM(E78:E91) -> 480 | F92: =SUM(F78:F91) -> 4282.57 | G92: =SUM(G78:G91) -> 4052.67 | H92: =SUM(A92:G92)+I84 -> 45409.56 | I92: OASys Value | L92: =SUM(L79:L91) -> 4954 | M92: =SUM(M79:M91) -> 1662.5 | N92: =SUM(N79:N91) -> 4670 | O92: =SUM(O79:O91) -> 108.5 | P92: =SUM(P79:P91) -> 5266 | Q92: =SUM(Q79:Q91) -> 2336.9 | R92: =SUM(R79:R91) -> 3224 | S92: =SUM(S79:S91) -> 40 | ... Y92: =SUM(Y79:Y91) -> 576.4 | Z92: =L92+N92+P92+R92+T92+V92+X92 -> 30165
A93: 4317.67 | B93: 4888.19 | C93: 4188.5 | D93: 3812.56 | E93: 480 | F93: 4282.57 | G93: 4052.67 | H93: =SUM(A93:G93)+I84 -> 45409.56 | I93: Payroll Value | L93: 4954 | M93: 1662.5 | N93: 4670 | O93: 108.5 | P93: 5266 | Q93: 2336.9 | R93: 3224 | S93: 40 | T93: 462 | U93: 0 | V93: 5967 | W93: 290 | X93: 5622 | Y93: 576.4 | Z93: =M93+O93+Q93+S93+U93+W93+Y93 -> 5014.3
A94: =A92-A93 -> 0 | B94: =B92-B93 -> 0 | C94: =C92-C93 -> 0 | D94: =D92-D93 -> 0 | E94: =E92-E93 -> 0 | F94: =F92-F93 -> 0 | G94: =G92-G93 -> 0 | L94: =L92-L93 -> 0 | M94: =M92-M93 -> 0 | N94: =N92-N93 -> 0 | O94: =O92-O93 -> 0 | P94: =P92-P93 -> 0 | Q94: =Q92-Q93 -> 0 | R94: =R92-R93 -> 0 | S94: =S92-S93 -> 0 | ... Y94: =Y92-Y93 -> 0

Sheet April 2023
A1: 45014 | B1: 45015 | C1: 45016 | D1: 45017 | E1: 45018 | F1: 45019 | G1: 45020 | I1: Registers | L1: 45014 | M1: 45014 | N1: 45015 | P1: 45016 | R1: 45017 | T1: 45018 | V1: 45019 | X1: 45020
L2: Jobsheets | M2: Cash Vouchers | N2: Jobsheets | O2: Cash Vouchers | P2: Jobsheets | Q2: Cash Vouchers | R2: Jobsheets | S2: Cash Vouchers | T2: Jobsheets | U2: Cash Vouchers | V2: Jobsheets | W2: Cash Vouchers | X2: Jobsheets | Y2: Cash Vouchers
L3: 2490 | M3: 1620 | N3: 2530 | O3: 108.5 | P3: 2490 | Q3: 1800 | R3: 1960 | S3: 40 | T3: 120 | U3: 0 | V3: 2700 | W3: 290 | X3: 2520 | Y3: 480
L4: 1660 | M4: 42.5 | N4: 1190 | P4: 1950 | Q4: 65 | R4: 760 | T4: 120 | V4: 1790 | X4: 1910 | Y4: 57.5
L5: 570 | N5: 650 | P5: 610 | Q5: 99.9 | R5: 300 | T5: 150 | V5: 1100 | X5: 880 | Y5: 38.9
L6: 144 | N6: 300 | P6: 144 | Q6: 372 | R6: 204 | T6: 72 | V6: 287 | X6: 288
L7: 90 | P7: 72 | V7: 90 | X7: 24
I8: =SUM(I2:I7) -> 0 | Z8: =SUM(Z2:Z7) -> 0
A16: =SUM(A2:A15) -> 0 | B16: =SUM(B2:B15) -> 0 | C16: =SUM(C2:C15) -> 0 | D16: =SUM(D2:D15) -> 0 | E16: =SUM(E2:E15) -> 0 | F16: =SUM(F2:F15) -> 0 | G16: =SUM(G2:G15) -> 0 | H16: =SUM(A16:G16)+I8 -> 0 | I16: OASys Value | L16: =SUM(L3:L15) -> 4954 | M16: =SUM(M3:M15) -> 1662.5 | N16: =SUM(N3:N15) -> 4670 | O16: =SUM(O3:O15) -> 108.5 | P16: =SUM(P3:P15) -> 5266 | Q16: =SUM(Q3:Q15) -> 2336.9 | R16: =SUM(R3:R15) -> 3224 | S16: =SUM(S3:S15) -> 40 | ... Y16: =SUM(Y3:Y15) -> 576.4 | Z16: =L16+N16+P16+R16+T16+V16+X16 -> 30165
H17: =SUM(A17:G17) -> 0 | I17: Payroll Value | L17: 4954 | M17: 1662.5 | N17: 4670 | O17: 108.5 | P17: 5266 | Q17: 2336.9 | R17: 3224 | S17: 40 | T17: 462 | U17: 0 | V17: 5967 | W17: 290 | X17: 5622 | Y17: 576.4 | Z17: =M17+O17+Q17+S17+U17+W17+Y17 -> 5014.3
A18: =A16-A17 -> 0 | B18: =B16-B17 -> 0 | C18: =C16-C17 -> 0 | D18: =D16-D17 -> 0 | E18: =E16-E17 -> 0 | F18: =F16-F17 -> 0 | G18: =G16-G17 -> 0 | L18: =L16-L17 -> 0 | M18: =M16-M17 -> 0 | N18: =N16-N17 -> 0 | O18: =O16-O17 -> 0 | P18: =P16-P17 -> 0 | Q18: =Q16-Q17 -> 0 | R18: =R16-R17 -> 0 | S18: =S16-S17 -> 0 | ... Y18: =Y16-Y17 -> 0
A20: 45021 | B20: 45022 | C20: 45023 | D20: 45024 | E20: 45025 | F20: 45026 | G20: 45027 | I20: Registers | L20: 45021 | N20: 45022 | P20: 45023 | R20: 45024 | T20: 45025 | V20: 45026 | X20: 45027
A21: 1633.8 | B21: 1485.35 | C21: 1720.35 | D21: 1433.45 | E21: 110 | F21: 1925.35 | G21: 1378.8 | I21: 5828.62 | L21: Jobsheets | M21: Cash Vouchers | N21: Jobsheets | O21: Cash Vouchers | P21: Jobsheets | Q21: Cash Vouchers | R21: Jobsheets | S21: Cash Vouchers | T21: Jobsheets | U21: Cash Vouchers | V21: Jobsheets | W21: Cash Vouchers | X21: Jobsheets | Y21: Cash Vouchers
A22: 2072.05 | B22: 2547.57 | C22: 375 | D22: 2998.38 | E22: 185 | F22: 710 | G22: 2177.05 | I22: 5535.3 | L22: 2550 | M22: 60 | N22: 2460 | O22: 57.5 | P22: 2460 | Q22: 1380 | R22: 1680 | S22: 1620 | T22: 60 | U22: 0 | V22: 2320 | W22: 50 | X22: 2510 | Y22: 840
A23: 731.2 | B23: 764.65 | C23: 669.65 | D23: 156.55 | E23: 75 | F23: 719.65 | G23: 561.2 | I23: 4264.89 | L23: 1850 | M23: 60 | N23: 1280 | O23: 200 | P23: 1455 | Q23: 65 | R23: 1470 | S23: 45 | T23: 150 | V23: 1730 | X23: 1665 | Y23: 372
I24: 2336.58 | L24: 120 | N24: 500 | O24: 200 | P24: 555 | R24: 430 | T24: 48 | V24: 720 | X24: 60 | Y24: 50
I25: 3785 | L25: 1120 | N25: 300 | P25: 72 | R25: 348 | V25: 475 | X25: 535
I26: 1320 | L26: 222 | N26: 26 | P26: 72 | R26: 24 | X26: 144
I27: =SUM(I21:I26) -> 23070.39 | L27: 90 | X27: 24 | Z27: =SUM(Z21:Z26) -> 0
A35: =SUM(A21:A34) -> 4437.05 | B35: =SUM(B21:B34) -> 4797.57 | C35: =SUM(C21:C34) -> 2765 | D35: =SUM(D21:D34) -> 4588.38 | E35: =SUM(E21:E34) -> 370 | F35: =SUM(F21:F34) -> 3355 | G35: =SUM(G21:G34) -> 4117.05 | H35: =SUM(A35:G35)+I27 -> 47500.44 | I35: OASys Value | L35: =SUM(L22:L34) -> 5952 | M35: =SUM(M22:M34) -> 120 | N35: =SUM(N22:N34) -> 4566 | O35: =SUM(O22:O34) -> 457.5 | P35: =SUM(P22:P34) -> 4614 | Q35: =SUM(Q22:Q34) -> 1445 | R35: =SUM(R22:R34) -> 3952 | S35: =SUM(S22:S34) -> 1665 | ... Y35: =SUM(Y22:Y34) -> 1262 | Z35: =L35+N35+P35+R35+T35+V35+X35 -> 29525
A36: 4437.05 | B36: 4797.57 | C36: 2765 | D36: 4588.38 | E36: 370 | F36: 3355 | G36: 4117.05 | H36: =SUM(A36:G36)+I27 -> 47500.44 | I36: Payroll Value | L36: 5952 | M36: 120 | N36: 4566 | O36: 457.5 | P36: 4614 | Q36: 1445 | R36: 3952 | S36: 1665 | T36: 258 | U36: 0 | V36: 5245 | W36: 50 | X36: 4938 | Y36: 1262 | Z36: =M36+O36+Q36+S36+U36+W36+Y36 -> 4999.5
A37: =A35-A36 -> 0 | B37: =B35-B36 -> 0 | C37: =C35-C36 -> 0 | D37: =D35-D36 -> 0 | E37: =E35-E36 -> 0 | F37: =F35-F36 -> 0 | G37: =G35-G36 -> 0 | L37: =L35-L36 -> 0 | M37: =M35-M36 -> 0 | N37: =N35-N36 -> 0 | O37: =O35-O36 -> 0 | P37: =P35-P36 -> 0 | Q37: =Q35-Q36 -> 0 | R37: =R35-R36 -> 0 | S37: =S35-S36 -> 0 | ... Y37: =Y35-Y36 -> 0
A39: 45028 | B39: 45029 | C39: 45030 | D39: 45031 | E39: 45032 | F39: 45033 | G39: 45034 | I39: Registers | L39: 45028 | N39: 45029 | P39: 45030 | R39: 45031 | T39: 45032 | V39: 45033 | X39: 45034
A40: 1420.35 | B40: 1131.9 | C40: 1690.35 | D40: 948.45 | E40: 295 | F40: 976.9 | G40: 1698.8 | I40: 4943.92 | L40: Jobsheets | M40: Cash Vouchers | N40: Jobsheets | O40: Cash Vouchers | P40: Jobsheets | Q40: Cash Vouchers | R40: Jobsheets | S40: Cash Vouchers | T40: Jobsheets | U40: Cash Vouchers | V40: Jobsheets | W40: Cash Vouchers | X40: Jobsheets | Y40: Cash Vouchers
A41: 2162.05 | B41: 2292.98 | C41: 1747.36 | D41: 3330.44 | F41: 110 | G41: 2392.26 | I41: 4797.26 | L41: 2640 | M41: 540 | N41: 2580 | O41: 60 | P41: 2490 | Q41: 77 | R41: 2070 | S41: 1800 | T41: 330 | V41: 2790 | W41: 741.3 | X41: 2400 | Y41: 1920
A42: 1004.65 | B42: 1003.1 | C42: 1019.65 | D42: 431.55 | F42: 2247.57 | G42: 546.2 | I42: 4610 | L42: 1860 | M42: 50 | N42: 1340 | O42: 50 | P42: 2490 | Q42: 30 | R42: 1230 | S42: 57.5 | T42: 72 | V42: 2350 | X42: 1870 | Y42: 235
F43: 868.1 | I43: 4571.16 | L43: 760 | M43: 99.9 | N43: 830 | P43: 770 | R43: 300 | V43: 1140 | X43: 430
I44: 725.94 | L44: 352 | N44: 300 | P44: 144 | R44: 252 | V44: 300 | X44: 300
I45: 700 | L45: 78 | N45: 26 | P45: 78 | V45: 103 | X45: 24
I46: =SUM(I40:I45) -> 20348.28 | Z46: =SUM(Z40:Z45) -> 0
A54: =SUM(A40:A53) -> 4587.05 | B54: =SUM(B40:B53) -> 4427.98 | C54: =SUM(C40:C53) -> 4457.36 | D54: =SUM(D40:D53) -> 4710.44 | E54: =SUM(E40:E53) -> 295 | F54: =SUM(F40:F53) -> 4202.57 | G54: =SUM(G40:G53) -> 4637.26 | H54: =SUM(A54:G54)+I46 -> 47665.94 | I54: OASys Value | L54: =SUM(L41:L53) -> 5690 | M54: =SUM(M41:M53) -> 689.9 | N54: =SUM(N41:N53) -> 5076 | O54: =SUM(O41:O53) -> 110 | P54: =SUM(P41:P53) -> 5972 | Q54: =SUM(Q41:Q53) -> 107 | R54: =SUM(R41:R53) -> 3852 | S54: =SUM(S41:S53) -> 1857.5 | ... Y54: =SUM(Y41:Y53) -> 2155 | Z54: =L55+N55+P55+R55+T55+V55+X55 -> 32699
A55: 4587.05 | B55: 4427.98 | C55: 4457.36 | D55: 4710.44 | E55: 295 | F55: 4202.57 | G55: 4637.26 | H55: =SUM(A55:G55)+I46 -> 47665.94 | I55: Payroll Value | L55: 5690 | M55: 689.9 | N55: 5076 | O55: 110 | P55: 5972 | Q55: 107 | R55: 3852 | S55: 1857.5 | T55: 402 | V55: 6683 | W55: 741.3 | X55: 5024 | Y55: 2155 | Z55: =M55+O55+Q55+S55+U55+W55+Y55 -> 5660.7
A56: =A54-A55 -> 0 | B56: =B54-B55 -> 0 | C56: =C54-C55 -> 0 | D56: =D54-D55 -> 0 | E56: =E54-E55 -> 0 | F56: =F54-F55 -> 0 | G56: =G54-G55 -> 0 | L56: =L54-L55 -> 0 | M56: =M54-M55 -> 0 | N56: =N54-N55 -> 0 | O56: =O54-O55 -> 0 | P56: =P54-P55 -> 0 | Q56: =Q54-Q55 -> 0 | R56: =R54-R55 -> 0 | S56: =S54-S55 -> 0 | ... Y56: =Y54-Y55 -> 0
A58: 45035 | B58: 45036 | C58: 45037 | D58: 45038 | E58: 45039 | F58: 45040 | G58: 45041 | I58: Registers | L58: 45035 | N58: 45036 | P58: 45037 | R58: 45038 | T58: 45039 | V58: 45040 | X58: 45041
A59: 1635.35 | B59: 1300.35 | C59: 1236.9 | D59: 940 | E59: 185 | F59: 951.9 | G59: 1293.8 | I59: 215.52 | L59: Jobsheets | M59: Cash Vouchers | N59: Jobsheets | O59: Cash Vouchers | P59: Jobsheets | Q59: Cash Vouchers | R59: Jobsheets | S59: Cash Vouchers | T59: Jobsheets | U59: Cash Vouchers | V59: Jobsheets | W59: Cash Vouchers | X59: Jobsheets | Y59: Cash Vouchers
A60: 2077.88 | B60: 2352.57 | C60: 138.45 | D60: 138.45 | F60: 248.45 | G60: 2187.05 | I60: 1050 | L60: 2530 | M60: 60 | N60: 2620 | O60: 57.5 | P60: 2740 | Q60: 65 | R60: 1920 | S60: 1440 | T60: 60 | V60: 2890 | W60: 372 | X60: 2610 | Y60: 1320
A61: 484.65 | B61: 469.65 | C61: 2067.57 | D61: 138.45 | F61: 1945.12 | G61: 456.2 | I61: 4630 | L61: 1985 | M61: 65 | N61: 1900 | O61: 60 | P61: 2285 | Q61: 60 | R61: 1300 | S61: 110 | T61: 210 | V61: 2245 | W61: 57.5 | X61: 2110 | Y61: 57.5
C62: 374.65 | D62: 3535.73 | F62: 287.45 | I62: 4797.26 | L62: 775 | M62: 189.9 | N62: 60 | P62: 725 | R62: 170 | T62: 210 | V62: 60 | W62: 60 | X62: 780
D63: 458.1 | F63: 614.65 | I63: 4820.7 | L63: 222 | N63: 780 | P63: 258 | R63: 228 | T63: 72 | V63: 615 | X63: 300
I64: 4943.92 | L64: 114 | N64: 300 | V64: 300 | X64: 72
I65: =SUM(I59:I64) -> 20457.4 | V65: 41 | Z65: =SUM(Z59:Z64) -> 0
A73: =SUM(A59:A72) -> 4197.88 | B73: =SUM(B59:B72) -> 4122.57 | C73: =SUM(C59:C72) -> 3817.57 | D73: =SUM(D59:D72) -> 5210.73 | E73: =SUM(E59:E72) -> 185 | F73: =SUM(F59:F72) -> 4047.57 | G73: =SUM(G59:G72) -> 3937.05 | H73: =SUM(A73:G73)+I65 -> 45975.77 | I73: OASys Value | L73: =SUM(L60:L72) -> 5626 | M73: =SUM(M60:M72) -> 314.9 | N73: =SUM(N60:N72) -> 5660 | O73: =SUM(O60:O72) -> 117.5 | P73: =SUM(P60:P72) -> 6008 | Q73: =SUM(Q60:Q72) -> 125 | R73: =SUM(R60:R72) -> 3618 | S73: =SUM(S60:S72) -> 1550 | ... Y73: =SUM(Y60:Y72) -> 1377.5 | Z73: =L74+N74+P74+R74+T74+V74+X74 -> 33487
A74: 4197.88 | B74: 4122.57 | C74: 3817.57 | D74: 5210.73 | E74: 185 | F74: 4047.57 | G74: 3937.05 | H74: =SUM(A74:G74)+I65 -> 45975.77 | I74: Payroll Value | L74: 5626 | M74: 314.9 | N74: 5660 | O74: 117.5 | P74: 6008 | Q74: 125 | R74: 3618 | S74: 1550 | T74: 552 | U74: 0 | V74: 6151 | W74: 489.5 | X74: 5872 | Y74: 1377.5 | Z74: =M74+O74+Q74+S74+U74+W74+Y74 -> 3974.4
A75: =A73-A74 -> 0 | B75: =B73-B74 -> 0 | C75: =C73-C74 -> 0 | D75: =D73-D74 -> 0 | E75: =E73-E74 -> 0 | F75: =F73-F74 -> 0 | G75: =G73-G74 -> 0 | L75: =L73-L74 -> 0 | M75: =M73-M74 -> 0 | N75: =N73-N74 -> 0 | O75: =O73-O74 -> 0 | P75: =P73-P74 -> 0 | Q75: =Q73-Q74 -> 0 | R75: =R73-R74 -> 0 | S75: =S73-S74 -> 0 | ... Y75: =Y73-Y74 -> 0
A77: 45042 | B77: 45043 | C77: 45044 | D77: 45045 | E77: 45046 | F77: 45047 | G77: 45048 | I77: Registers | L77: 45042 | N77: 45043 | P77: 45044 | R77: 45045 | T77: 45046 | V77: 45047 | X77: 45048
A78: 1211.9 | B78: 1350.35 | C78: 1523.8 | D78: 1155.35 | E78: 370 | F78: 1080.35 | G78: 1011.9 | I78: 4570 | L78: Jobsheets | M78: Cash Vouchers | N78: Jobsheets | O78: Cash Vouchers | P78: Jobsheets | Q78: Cash Vouchers | R78: Jobsheets | S78: Cash Vouchers | T78: Jobsheets | U78: Cash Vouchers | V78: Jobsheets | W78: Cash Vouchers | X78: Jobsheets | Y78: Cash Vouchers
A79: 276.9 | B79: 138.45 | C79: 2267.57 | D79: 3180.44 | F79: 665 | G79: 2151.95 | I79: 5535.3 | L79: 2670 | M79: 42.5 | N79: 2460 | O79: 62.5 | P79: 2640 | Q79: 120 | R79: 1890 | S79: 840 | T79: 330 | V79: 2910 | W79: 50 | X79: 2760 | Y79: 1320
A80: 321.2 | B80: 940 | C80: 406.2 | D80: 559.65 | F80: 774.65 | G80: 763.1 | I80: 3690.2 | L80: 2190 | N80: 950 | O80: 60 | P80: 2330 | Q80: 57.5 | R80: 1110 | S80: 40 | T80: 72 | V80: 1560 | W80: 404.9 | X80: 2235 | Y80: 65
A81: 2467.57 | B81: 471.2 | I81: 1843.52 | L81: 820 | N81: 680 | P81: 530 | R81: 430 | V81: 500 | X81: 1035
I82: 4673.22 | L82: 378 | N82: 300 | P82: 144 | R82: 300 | V82: 300 | X82: 300
I83: 1236.36 | L83: 90 | V83: 24 | X83: 128
I84: =SUM(I78:I83) -> 21548.6 | Z84: =SUM(Z78:Z83) -> 0
A92: =SUM(A78:A91) -> 4277.57 | B92: =SUM(B78:B91) -> 2900 | C92: =SUM(C78:C91) -> 4197.57 | D92: =SUM(D78:D91) -> 4895.44 | E92: =SUM(E78:E91) -> 370 | F92: =SUM(F78:F91) -> 2520 | G92: =SUM(G78:G91) -> 3926.95 | H92: =SUM(A92:G92)+I84 -> 44636.13 | I92: OASys Value | L92: =SUM(L79:L91) -> 6148 | M92: =SUM(M79:M91) -> 42.5 | N92: =SUM(N79:N91) -> 4390 | O92: =SUM(O79:O91) -> 122.5 | P92: =SUM(P79:P91) -> 5644 | Q92: =SUM(Q79:Q91) -> 177.5 | R92: =SUM(R79:R91) -> 3730 | S92: =SUM(S79:S91) -> 880 | ... Y92: =SUM(Y79:Y91) -> 1385 | Z92: =L93+N93+P93+R93+T93+V93+X93 -> 32066
A93: 4277.57 | B93: 2900 | C93: 4197.57 | D93: 4895.44 | E93: 370 | F93: 2520 | G93: 3926.95 | H93: =SUM(A93:G93)+I84 -> 44636.13 | I93: Payroll Value | L93: 6148 | M93: 42.5 | N93: 4390 | O93: 122.5 | P93: 5644 | Q93: 177.5 | R93: 3730 | S93: 880 | T93: 402 | U93: 0 | V93: 5294 | W93: 454.9 | X93: 6458 | Y93: 1385 | Z93: =M93+O93+Q93+S93+U93+W93+Y93 -> 3062.4
A94: =A92-A93 -> 0 | B94: =B92-B93 -> 0 | C94: =C92-C93 -> 0 | D94: =D92-D93 -> 0 | E94: =E92-E93 -> 0 | F94: =F92-F93 -> 0 | G94: =G92-G93 -> 0 | L94: =L92-L93 -> 0 | M94: =M92-M93 -> 0 | N94: =N92-N93 -> 0 | O94: =O92-O93 -> 0 | P94: =P92-P93 -> 0 | Q94: =Q92-Q93 -> 0 | R94: =R92-R93 -> 0 | S94: =S92-S93 -> 0 | ... Y94: =Y92-Y93 -> 0
A115: 45021 | B115: 45022 | C115: 45023 | D115: 45024 | E115: 45025 | F115: 45026 | G115: 45027 | I115: Registers
I122: =SUM(I116:I121) -> 0
A130: =SUM(A116:A129) -> 0 | B130: =SUM(B116:B129) -> 0 | C130: =SUM(C116:C129) -> 0 | D130: =SUM(D116:D129) -> 0 | E130: =SUM(E116:E129) -> 0 | F130: =SUM(F116:F129) -> 0 | G130: =SUM(G116:G129) -> 0 | H130: =SUM(A130:G130)+I122 -> 0 | I130: OASys Value
H131: =SUM(A131:G131) -> 0 | I131: Payroll Value
A132: =A130-A131 -> 0 | B132: =B130-B131 -> 0 | C132: =C130-C131 -> 0 | D132: =D130-D131 -> 0 | E132: =E130-E131 -> 0 | F132: =F130-F131 -> 0 | G132: =G130-G131 -> 0

Sheet May 2023
A1: 45049 | B1: 45050 | C1: 45051 | D1: 45052 | E1: 45053 | F1: 45054 | G1: 45055 | I1: Registers | K1: 45049 | M1: 45050 | O1: 45051 | Q1: 45052 | S1: 45053 | U1: 45054 | W1: 45055
A2: 1370.35 | B2: 805 | C2: 1161.9 | D2: 976.9 | E2: 110 | F2: 1403.8 | G2: 976.9 | I2: 3690.2 | K2: Jobsheets | L2: Cash Vouchers | M2: Jobsheets | N2: Cash Vouchers | O2: Jobsheets | P2: Cash Vouchers | Q2: Jobsheets | R2: Cash Vouchers | S2: Jobsheets | T2: Cash Vouchers | U2: Jobsheets | V2: Cash Vouchers | W2: Jobsheets | X2: Cash Vouchers
A3: 1803.19 | B3: 248.45 | C3: 1913.19 | D3: 2248.38 | F3: 1972.36 | G3: 2302.05 | I3: 1253.72 | K3: 2700 | L3: 290 | M3: 2670 | N3: 248 | O3: 2770 | P3: 65 | Q3: 1920 | R3: 60 | S3: 540 | U3: 2710 | V3: 50 | W3: 2460 | X3: 60
A4: 759.65 | B4: 2053.19 | C4: 348.1 | D4: 808.1 | F4: 636.2 | G4: 353.1 | I4: 4616.49 | K4: 1810 | L4: 634 | M4: 1805 | N4: 372 | O4: 1985 | Q4: 1270 | R4: 50 | S4: 84 | U4: 2520 | W4: 180 | X4: 67.5
B5: 536.55 | I5: 4980 | K5: 760 | L5: 1410 | M5: 1385 | O5: 445 | Q5: 240 | U5: 560 | W5: 2640 | X5: 24
I6: 4797.26 | K6: 222 | M6: 288 | O6: 144 | Q6: 228 | U6: 372 | W6: 840
I7: 350 | M7: 85 | Q7: 72 | U7: 24 | W7: 516
I8: 430.3 | W8: 96 | Y8: =SUM(Y2:Y7) -> 0
I10: =SUM(I2:I9) -> 20117.97
A16: =SUM(A2:A15) -> 3933.19 | B16: =SUM(B2:B15) -> 3643.19 | C16: =SUM(C2:C15) -> 3423.19 | D16: =SUM(D2:D15) -> 4033.38 | E16: =SUM(E2:E15) -> 110 | F16: =SUM(F2:F15) -> 4012.36 | G16: =SUM(G2:G15) -> 3632.05 | H16: =SUM(A16:G16)+I10 -> 42905.33 | I16: OASys Value | K16: =SUM(K3:K15) -> 5492 | L16: =SUM(L3:L15) -> 2334 | M16: =SUM(M3:M15) -> 6233 | N16: =SUM(N3:N15) -> 620 | O16: =SUM(O3:O15) -> 5344 | P16: =SUM(P3:P15) -> 65 | Q16: =SUM(Q3:Q15) -> 3730 | R16: =SUM(R3:R15) -> 110 | ... X16: =SUM(X3:X15) -> 151.5 | Y16: =K17+M17+O17+Q17+S17+U17+W17 -> 34341
A17: 3933.19 | B17: 3643.19 | C17: 3423.19 | D17: 4033.38 | E17: 110 | F17: 4012.36 | G17: 3632.05 | H17: =SUM(A17:G17)+I10 -> 42905.33 | I17: Payroll Value | K17: 5492 | L17: 2334 | M17: 6233 | N17: 620 | O17: 5344 | P17: 65 | Q17: 3730 | R17: 110 | S17: 624 | T17: 0 | U17: 6186 | V17: 50 | W17: 6732 | X17: 151.5 | Y17: =L17+N17+P17+R17+T17+V17+X17 -> 3330.5
A18: =A16-A17 -> 0 | B18: =B16-B17 -> 0 | C18: =C16-C17 -> 0 | D18: =D16-D17 -> 0 | E18: =E16-E17 -> 0 | F18: =F16-F17 -> 0 | G18: =G16-G17 -> 0 | K18: =K16-K17 -> 0 | L18: =L16-L17 -> 0 | M18: =M16-M17 -> 0 | N18: =N16-N17 -> 0 | O18: =O16-O17 -> 0 | P18: =P16-P17 -> 0 | Q18: =Q16-Q17 -> 0 | R18: =R16-R17 -> 0 | ... X18: =X16-X17 -> 0
A20: 45056 | B20: 45057 | C20: 45058 | D20: 45059 | E20: 45060 | F20: 45061 | G20: 45062 | I20: Registers | K20: 45056 | M20: 45057 | O20: 45058 | Q20: 45059 | S20: 45060 | U20: 45061 | W20: 45062
A21: 1126.9 | B21: 748.45 | C21: 1340.35 | D21: 1016.9 | E21: 185 | F21: 890 | G21: 1253.8 | I21: 4866.03 | K21: Jobsheets | L21: Cash Vouchers | M21: Jobsheets | N21: Cash Vouchers | O21: Jobsheets | P21: Cash Vouchers | Q21: Jobsheets | R21: Cash Vouchers | S21: Jobsheets | T21: Cash Vouchers | U21: Jobsheets | V21: Cash Vouchers | W21: Jobsheets | X21: Cash Vouchers
A22: 2017.05 | B22: 496.9 | C22: 1907.36 | D22: 2243.4 | E22: 150 | F22: 553.8 | G22: 1807.67 | I22: 4574.9 | K22: 2820 | L22: 57.5 | M22: 2700 | N22: 47.5 | O22: 2640 | P22: 50 | Q22: 1860 | R22: 4500 | S22: 60 | U22: 2560 | V22: 42.5 | W22: 2640 | X22: 60
A23: 368.1 | B23: 1687.98 | C23: 459.65 | D23: 388.1 | F23: 1937.36 | G23: 500.58 | I23: 1253.72 | K23: 1975 | L23: 240 | M23: 1765 | N23: 700 | O23: 2205 | Q23: 1540 | R23: 30 | S23: 150 | U23: 1905 | V23: 60 | W23: 1865 | X23: 50
B24: 914.65 | F24: 671.2 | I24: 510.42 | K24: 180 | L24: 26 | M24: 835 | O24: 675 | Q24: 450 | R24: 17 | S24: 150 | U24: 785 | W24: 60 | X24: 150
I25: 4797.26 | K25: 515 | M25: 300 | O25: 144 | Q25: 228 | S25: 84 | U25: 300 | W25: 1335 | X25: 372
I26: 4425 | K26: 222 | M26: 72 | Q26: 72 | W26: 326
I27: 700
I28: =SUM(I21:I27) -> 21127.33 | W28: 90 | Y28: =SUM(Y21:Y26) -> 0
A36: =SUM(A21:A35) -> 3512.05 | B36: =SUM(B21:B35) -> 3847.98 | C36: =SUM(C21:C35) -> 3707.36 | D36: =SUM(D21:D35) -> 3648.4 | E36: =SUM(E21:E35) -> 335 | F36: =SUM(F21:F35) -> 4052.36 | G36: =SUM(G21:G35) -> 3562.05 | H36: =SUM(A36:G36)+I28 -> 43792.53 | I36: OASys Value | K36: =SUM(K22:K35) -> 5712 | L36: =SUM(L22:L35) -> 323.5 | M36: =SUM(M22:M35) -> 5672 | N36: =SUM(N22:N35) -> 747.5 | O36: =SUM(O22:O35) -> 5664 | P36: =SUM(P22:P35) -> 50 | Q36: =SUM(Q22:Q35) -> 4150 | R36: =SUM(R22:R35) -> 4547 | ... X36: =SUM(X22:X35) -> 632 | Y36: =K37+M37+O37+Q37+S37+U37+W37 -> 33508
A37: 3512.05 | B37: 3847.98 | C37: 3707.36 | D37: 3648.4 | E37: 335 | F37: 4052.36 | G37: 3562.05 | H37: =SUM(A37:G37)+I28 -> 43792.53 | I37: Payroll Value | K37: 5712 | L37: 323.5 | M37: 5672 | N37: 747.5 | O37: 5664 | P37: 50 | Q37: 4150 | R37: 4547 | S37: 444 | T37: 0 | U37: 5550 | V37: 102.5 | W37: 6316 | X37: 632 | Y37: =L37+N37+P37+R37+T37+V37+X37 -> 6402.5
A38: =A36-A37 -> 0 | B38: =B36-B37 -> 0 | C38: =C36-C37 -> 0 | D38: =D36-D37 -> 0 | E38: =E36-E37 -> 0 | F38: =F36-F37 -> 0 | G38: =G36-G37 -> 0 | H38: =H36-H37 -> 0 | K38: =K36-K37 -> 0 | L38: =L36-L37 -> 0 | M38: =M36-M37 -> 0 | N38: =N36-N37 -> 0 | O38: =O36-O37 -> 0 | P38: =P36-P37 -> 0 | Q38: =Q36-Q37 -> 0 | R38: =R36-R37 -> 0 | ... X38: =X36-X37 -> 0
A40: 45063 | B40: 45064 | C40: 45065 | D40: 45066 | E40: 45067 | F40: 45068 | G40: 45069 | I40: Registers | K40: 45063 | M40: 45064 | O40: 45065 | Q40: 45066 | S40: 45067 | U40: 45068 | W40: 45069
A41: 1628.8 | B41: 1583.8 | C41: 1293.9 | D41: 1005.35 | E41: 185 | F41: 1300.35 | G41: 515 | I41: 4570 | K41: Jobsheets | L41: Cash Vouchers | M41: Jobsheets | N41: Cash Vouchers | O41: Jobsheets | P41: Cash Vouchers | Q41: Jobsheets | R41: Cash Vouchers | S41: Jobsheets | T41: Cash Vouchers | U41: Jobsheets | V41: Cash Vouchers | W41: Jobsheets | X41: Cash Vouchers
A42: 1787.05 | B42: 2059.86 | C42: 1647.05 | D42: 2468.28 | E42: 185 | F42: 2212.98 | G42: 525.35 | I42: 5904.32 | K42: 2460 | L42: 86 | M42: 2370 | N42: 50 | O42: 2740 | P42: 10 | Q42: 1900 | R42: 22.5 | S42: 60 | U42: 2710 | V42: 50 | W42: 2650 | X42: 222.5
A43: 606.2 | B43: 536.2 | C43: 961.1 | D43: 349.65 | F43: 649.65 | G43: 2079.6 | I43: 4990.8 | K43: 2155 | L43: 42.5 | M43: 2165 | N43: 60 | O43: 2645 | P43: 7.5 | Q43: 1420 | S43: 60 | U43: 1915 | V43: 100 | W43: 1590 | X43: 60
G44: 302.45 | I44: 6418.42 | K44: 885 | L44: 20 | M44: 1355 | O44: 635 | Q44: 640 | S44: 210 | U44: 290 | W44: 540 | X44: 60
G45: 269.65 | K45: 222 | M45: 324 | O45: 144 | Q45: 254 | S45: 72 | U45: 195 | W45: 1190
M46: 72 | Q46: 90 | U46: 324 | W46: 300
W47: 72
I48: =SUM(I41:I47) -> 21883.54 | Y48: =SUM(Y41:Y46) -> 0
A56: =SUM(A41:A55) -> 4022.05 | B56: =SUM(B41:B55) -> 4179.86 | C56: =SUM(C41:C55) -> 3902.05 | D56: =SUM(D41:D55) -> 3823.28 | E56: =SUM(E41:E55) -> 370 | F56: =SUM(F41:F55) -> 4162.98 | G56: =SUM(G41:G55) -> 3692.05 | H56: =SUM(A56:G56)+I48 -> 46035.81 | I56: OASys Value | K56: =SUM(K42:K55) -> 5722 | L56: =SUM(L42:L55) -> 148.5 | M56: =SUM(M42:M55) -> 6286 | N56: =SUM(N42:N55) -> 110 | O56: =SUM(O42:O55) -> 6164 | P56: =SUM(P42:P55) -> 17.5 | Q56: =SUM(Q42:Q55) -> 4304 | R56: =SUM(R42:R55) -> 22.5 | ... X56: =SUM(X42:X55) -> 342.5 | Y56: =K57+M57+O57+Q57+S57+U57+W57 -> 34654
A57: 4022.05 | B57: 4179.86 | C57: 3902.05 | D57: 3823.28 | E57: 370 | F57: 4162.98 | G57: 3692.05 | H57: =SUM(A57:G57)+I48 -> 46035.81 | I57: Payroll Value | K57: 5722 | L57: 148.5 | M57: 6286 | N57: 110 | O57: 6164 | P57: 17.5 | Q57: 4304 | R57: 22.5 | S57: 402 | T57: 0 | U57: 5434 | V57: 150 | W57: 6342 | X57: 342 | Y57: =L57+N57+P57+R57+T57+V57+X57 -> 790.5
A58: =A56-A57 -> 0 | B58: =B56-B57 -> 0 | C58: =C56-C57 -> 0 | D58: =D56-D57 -> 0 | E58: =E56-E57 -> 0 | F58: =F56-F57 -> 0 | G58: =G56-G57 -> 0 | K58: =K56-K57 -> 0 | L58: =L56-L57 -> 0 | M58: =M56-M57 -> 0 | N58: =N56-N57 -> 0 | O58: =O56-O57 -> 0 | P58: =P56-P57 -> 0 | Q58: =Q56-Q57 -> 0 | R58: =R56-R57 -> 0 | ... X58: =X56-X57 -> 0.5
A60: 45070 | B60: 45071 | C60: 45072 | D60: 45073 | E60: 45074 | F60: 45075 | G60: 45076 | I60: Registers | K60: 45070 | M60: 45071 | O60: 45072 | Q60: 45073 | S60: 45074 | U60: 45075 | W60: 45076
A61: 3235.52 | B61: 1080.35 | C61: 1768.8 | D61: 976.9 | E61: 185 | F61: 1288.8 | G61: 2456.6 | I61: 5535.3 | K61: Jobsheets | L61: Cash Vouchers | M61: Jobsheets | N61: Cash Vouchers | O61: Jobsheets | P61: Cash Vouchers | Q61: Jobsheets | R61: Cash Vouchers | S61: Jobsheets | T61: Cash Vouchers | U61: Jobsheets | V61: Cash Vouchers | W61: Jobsheets | X61: Cash Vouchers
B62: 1314.96 | C62: 1862.1 | D62: 138.45 | F62: 2068.5 | G62: 782.45 | I62: 5238.82 | K62: 2520 | L62: 1600 | M62: 310 | N62: 27.5 | O62: 3390 | P62: 1620 | Q62: 2050 | R62: 720 | S62: 120 | U62: 2700 | V62: 600 | W62: 4250 | X62: 1620
A63: 609.65 | B63: 274.65 | C63: 311.2 | D63: 2304.54 | F63: 666.2 | G63: 253.1 | I63: 4755 | K63: 1985 | L63: 42.5 | M63: 1010 | O63: 2805 | P63: 89 | Q63: 1240 | R63: 60 | S63: 210 | U63: 2030 | V63: 372 | W63: 60 | X63: 47.5
D64: 524.65 | I64: 4491.72 | K64: 775 | M64: 130 | O64: 735 | P64: 273.9 | Q64: 180 | R64: 60 | S64: 150 | U64: 60 | V64: 42.5 | W64: 120 | X64: 449.9
I65: 1225.05 | K65: 204 | M65: 72 | O65: 398 | Q65: 530 | S65: 72 | U65: 510 | V65: 60 | W65: 980
O66: 72 | Q66: 300 | U66: 300 | W66: 300
I67: =SUM(I61:I66) -> 21245.89 | W67: 72
Y68: =SUM(Y61:Y66) -> 0
A75: =SUM(A61:A74) -> 3845.17 | B75: =SUM(B61:B74) -> 2669.96 | C75: =SUM(C61:C74) -> 3942.1 | D75: =SUM(D61:D74) -> 3944.54 | E75: =SUM(E61:E74) -> 185 | F75: =SUM(F61:F74) -> 4023.5 | G75: =SUM(G61:G74) -> 3492.15 | H75: =SUM(A75:G75)+I67 -> 43348.31 | I75: OASys Value | K75: =SUM(K62:K74) -> 5484 | L75: =SUM(L62:L74) -> 1642.5 | M75: =SUM(M62:M74) -> 1522 | N75: =SUM(N62:N74) -> 27.5 | O75: =SUM(O62:O74) -> 7400 | P75: =SUM(P62:P74) -> 1982.9 | Q75: =SUM(Q62:Q74) -> 4300 | R75: =SUM(R62:R74) -> 840 | ... X75: =SUM(X62:X74) -> 2117.4 | Y75: =K76+M76+O76+Q76+S76+U76+W76 -> 30640
A76: 3845.17 | B76: 2669.96 | C76: 3942.1 | D76: 3944.54 | E76: 185 | F76: 4023.5 | G76: 3492.15 | H76: =SUM(A76:G76)+I67 -> 43348.31 | I76: Payroll Value | K76: 5484 | L76: 1642.5 | M76: 1522 | N76: 27.5 | O76: 7400 | P76: 1982.9 | Q76: 4300 | R76: 840 | S76: 552 | U76: 5600 | V76: 1074.5 | W76: 5782 | X76: 2117.4 | Y76: =L76+N76+P76+R76+T76+V76+X76 -> 7684.8
A77: =A75-A76 -> 0 | B77: =B75-B76 -> 0 | C77: =C75-C76 -> 0 | D77: =D75-D76 -> 0 | E77: =E75-E76 -> 0 | F77: =F75-F76 -> 0 | G77: =G75-G76 -> 0 | K77: =K75-K76 -> 0 | L77: =L75-L76 -> 0 | M77: =M75-M76 -> 0 | N77: =N75-N76 -> 0 | O77: =O75-O76 -> 0 | P77: =P75-P76 -> 0 | Q77: =Q75-Q76 -> 0 | R77: =R75-R76 -> 0 | ... X77: =X75-X76 -> 0
A79: 44951 | B79: 44952 | C79: 44953 | D79: 44954 | E79: 44955 | F79: 44956 | G79: 44957 | I79: Registers
I86: =SUM(I80:I85) -> 0
A94: =SUM(A80:A93) -> 0 | B94: =SUM(B80:B93) -> 0 | C94: =SUM(C80:C93) -> 0 | D94: =SUM(D80:D93) -> 0 | E94: =SUM(E80:E93) -> 0 | F94: =SUM(F80:F93) -> 0 | G94: =SUM(G80:G93) -> 0 | H94: =SUM(A94:G94)+I86 -> 0 | I94: OASys Value
H95: =SUM(A95:G95) -> 0 | I95: Payroll Value
A96: =A94-A95 -> 0 | B96: =B94-B95 -> 0 | C96: =C94-C95 -> 0 | D96: =D94-D95 -> 0 | E96: =E94-E95 -> 0 | F96: =F94-F95 -> 0 | G96: =G94-G95 -> 0

Sheet June 2023
A1: 45077 | B1: 45078 | C1: 45079 | D1: 45080 | E1: 45081 | F1: 45082 | G1: 45083 | I1: Registers | K1: 45077 | M1: 45078 | O1: 45079 | Q1: 45080 | S1: 45081 | U1: 45082 | W1: 45083
A2: 3375.52 | B2: 1485.35 | C2: 1375.35 | D2: 901.9 | E2: 185 | F2: 693.45 | G2: 1375.35 | I2: 5535.3 | K2: Jobsheets | L2: Cash Vouchers | M2: Jobsheets | N2: Cash Vouchers | O2: Jobsheets | P2: Cash Vouchers | Q2: Jobsheets | R2: Cash Vouchers | S2: Jobsheets | T2: Cash Vouchers | U2: Jobsheets | V2: Cash Vouchers | W2: Jobsheets | X2: Cash Vouchers
A3: 624.65 | B3: 1957.67 | C3: 1817.98 | D3: 2463.9 | E3: 185 | F3: 635.35 | G3: 1837.67 | I3: 4741.26 | K3: 4515 | L3: 152.5 | M3: 2460 | N3: 50 | O3: 2730 | P3: 65 | Q3: 2170 | R3: 3660 | S3: 60 | T3: 0 | U3: 2810 | V3: 863.7 | W3: 2320 | X3: 57.5
B4: 624.65 | C4: 389.65 | D4: 458.1 | E4: 110 | F4: 1692.15 | G4: 674.65 | I4: 350 | K4: 385 | L4: 50 | M4: 1555 | O4: 1960 | Q4: 1120 | R4: 57.5 | S4: 60 | U4: 2235 | W4: 3630 | X4: 10
F5: 751.2 | I5: 5533.72 | K5: 248 | M5: 875 | O5: 520 | Q5: 320 | S5: 120 | U5: 180 | W5: 810
I6: 1179.6 | M6: 300 | O6: 144 | Q6: 228 | S6: 72 | U6: 160 | W6: 288
I7: 4115 | M7: 72 | Q7: 96 | U7: 195 | W7: 96
I8: =SUM(I2:I7) -> 21454.88 | U8: 300
Y9: =SUM(Y2:Y7) -> 0
A16: =SUM(A2:A15) -> 4000.17 | B16: =SUM(B2:B15) -> 4067.67 | C16: =SUM(C2:C15) -> 3582.98 | D16: =SUM(D2:D15) -> 3823.9 | E16: =SUM(E2:E15) -> 480 | F16: =SUM(F2:F15) -> 3772.15 | G16: =SUM(G2:G15) -> 3887.67 | H16: =SUM(A16:G16)+I8 -> 45069.42 | I16: OASys Value | K16: =SUM(K3:K15) -> 5148 | L16: =SUM(L3:L15) -> 202.5 | M16: =SUM(M3:M15) -> 5262 | N16: =SUM(N3:N15) -> 50 | O16: =SUM(O3:O15) -> 5354 | P16: =SUM(P3:P15) -> 65 | Q16: =SUM(Q3:Q15) -> 3934 | R16: =SUM(R3:R15) -> 3717.5 | ... X16: =SUM(X3:X15) -> 67.5 | Y16: =K17+M17+O17+Q17+S17+U17+W17 -> 33034
A17: 4000.17 | B17: 4067.67 | C17: 3582.98 | D17: 3823.9 | E17: 480 | F17: 3772.15 | G17: 3887.67 | H17: =SUM(A17:G17)+I8 -> 45069.42 | I17: Payroll Value | K17: 5148 | L17: 202.5 | M17: 5262 | N17: 50 | O17: 5354 | P17: 65 | Q17: 3934 | R17: 3717.5 | S17: 312 | T17: 0 | U17: 5880 | V17: 863.7 | W17: 7144 | X17: 67.5 | Y17: =L17+N17+P17+R17+T17+V17+X17 -> 4966.2
A18: =A16-A17 -> 0 | B18: =B16-B17 -> 0 | C18: =C16-C17 -> 0 | D18: =D16-D17 -> 0 | E18: =E16-E17 -> 0 | F18: =F16-F17 -> 0 | G18: =G16-G17 -> 0 | K18: =K16-K17 -> 0 | L18: =L16-L17 -> 0 | M18: =M16-M17 -> 0 | N18: =N16-N17 -> 0 | O18: =O16-O17 -> 0 | P18: =P16-P17 -> 0 | Q18: =Q16-Q17 -> 0 | R18: =R16-R17 -> 0 | ... X18: =X16-X17 -> 0
A20: 45084 | B20: 45085 | C20: 45086 | D20: 45087 | E20: 45088 | F20: 45089 | G20: 45090 | I20: Registers | K20: 45084 | M20: 45085 | O20: 45086 | Q20: 45087 | S20: 45088 | U20: 45089 | W20: 45090
A21: 1595.35 | B21: 1190.35 | C21: 1375.35 | D21: 1005.35 | E21: 370 | F21: 913.45 | G21: 1443.8 | I21: 4795 | K21: Jobsheets | L21: Cash Vouchers | M21: Jobsheets | N21: Cash Vouchers | O21: Jobsheets | P21: Cash Vouchers | Q21: Jobsheets | R21: Cash Vouchers | S21: Jobsheets | T21: Cash Vouchers | U21: Jobsheets | V21: Cash Vouchers | W21: Jobsheets | X21: Cash Vouchers
A22: 1757.36 | B22: 110 | C22: 138.45 | D22: 2524.54 | F22: 525.35 | G22: 2027.05 | I22: 5535.3 | K22: 4010 | L22: 65 | M22: 3340 | N22: 65 | O22: 3640 | P22: 60 | Q22: 2220 | R22: 780 | S22: 120 | U22: 4190 | V22: 117.5 | W22: 3990 | X22: 50
A23: 594.65 | B23: 2203.19 | C23: 1850.43 | D23: 429.65 | F23: 110 | G23: 406.2 | I23: 5165.1 | K23: 2145 | M23: 1425 | N23: 372 | O23: 2155 | P23: 77.5 | Q23: 1440 | R23: 50 | S23: 420 | U23: 2525 | W23: 1820 | X23: 24
B24: 374.65 | C24: 571.2 | F24: 1857.05 | I24: 4866.03 | K24: 615 | M24: 1085 | O24: 1075 | P24: 185 | Q24: 590 | S24: 72 | U24: 65 | W24: 700
F25: 646.2 | I25: 431.04 | K25: 222 | M25: 300 | O25: 144 | Q25: 348 | U25: 396 | W25: 300
I26: 350 | K26: 74 | M26: 72 | Q26: 72 | U26: 13 | W26: 72
I27: =SUM(I21:I26) -> 21142.47
Y28: =SUM(Y21:Y26) -> 0
A35: =SUM(A21:A34) -> 3947.36 | B35: =SUM(B21:B34) -> 3878.19 | C35: =SUM(C21:C34) -> 3935.43 | D35: =SUM(D21:D34) -> 3959.54 | E35: =SUM(E21:E34) -> 370 | F35: =SUM(F21:F34) -> 4052.05 | G35: =SUM(G21:G34) -> 3877.05 | H35: =SUM(A35:G35)+I27 -> 45162.09 | I35: OASys Value | K35: =SUM(K22:K34) -> 7066 | L35: =SUM(L22:L34) -> 65 | M35: =SUM(M22:M34) -> 6222 | N35: =SUM(N22:N34) -> 437 | O35: =SUM(O22:O34) -> 7014 | P35: =SUM(P22:P34) -> 322.5 | Q35: =SUM(Q22:Q34) -> 4670 | R35: =SUM(R22:R34) -> 830 | ... X35: =SUM(X22:X34) -> 74 | Y35: =K36+M36+O36+Q36+S36+U36+W36 -> 39655
A36: 3947.36 | B36: 3878.19 | C36: 3935.43 | D36: 3959.54 | E36: 370 | F36: 4052.05 | G36: 3877.05 | H36: =SUM(A36:G36)+I27 -> 45162.09 | I36: Payroll Value | K36: 7066 | L36: 65 | M36: 6222 | N36: 437 | O36: 7014 | P36: 322.5 | Q36: 4670 | R36: 830 | S36: 612 | T36: 0 | U36: 7189 | V36: 117.5 | W36: 6882 | X36: 74 | Y36: =L36+N36+P36+R36+T36+V36+X36 -> 1846
A37: =A35-A36 -> 0 | B37: =B35-B36 -> 0 | C37: =C35-C36 -> 0 | D37: =D35-D36 -> 0 | E37: =E35-E36 -> 0 | F37: =F35-F36 -> 0 | G37: =G35-G36 -> 0 | K37: =K35-K36 -> 0 | L37: =L35-L36 -> 0 | M37: =M35-M36 -> 0 | N37: =N35-N36 -> 0 | O37: =O35-O36 -> 0 | P37: =P35-P36 -> 0 | Q37: =Q35-Q36 -> 0 | R37: =R35-R36 -> 0 | ... X37: =X35-X36 -> 0
A39: 45091 | B39: 45092 | C39: 45093 | D39: 45094 | E39: 45095 | F39: 45096 | G39: 45097 | I39: Registers | K39: 45091 | M39: 45092 | O39: 45093 | Q39: 45094 | S39: 45095 | U39: 45096 | W39: 45097
A40: 1438.8 | B40: 775 | C40: 578.45 | D40: 1126.9 | E40: 370 | F40: 700 | G40: 1306.9 | I40: 5828.62 | K40: Jobsheets | L40: Cash Vouchers | M40: Jobsheets | N40: Cash Vouchers | O40: Jobsheets | P40: Cash Vouchers | Q40: Jobsheets | R40: Cash Vouchers | S40: Jobsheets | T40: Cash Vouchers | U40: Jobsheets | V40: Cash Vouchers | W40: Jobsheets | X40: Cash Vouchers
A41: 1919.55 | B41: 1559.67 | C41: 1016.9 | D41: 110 | E41: 220 | F41: 606.9 | G41: 2042.98 | I41: 5904.32 | K41: 4790 | L41: 3397 | M41: 5130 | N41: 5130 | O41: 4890 | P41: 65 | Q41: 1800 | R41: 57.5 | S41: 120 | U41: 5040 | V41: 197 | W41: 4640 | X41: 60
A42: 436.2 | B42: 1297.4 | C42: 407.5 | D42: 2548.28 | F42: 1707.67 | G42: 278.1 | I42: 4630 | K42: 1625 | L42: 26 | M42: 1690 | N42: 1690 | O42: 1610 | P42: 240 | Q42: 970 | R42: 60 | S42: 240 | U42: 2380 | V42: 180 | W42: 2045 | X42: 372
B43: 488.1 | C43: 324.65 | D43: 383.1 | F43: 393.1 | I43: 4505.6 | K43: 195 | L43: 42.5 | M43: 970 | N43: 970 | O43: 340 | Q43: 300 | S43: 72 | U43: 620 | W43: 775 | X43: 52.5
I44: 1451.88 | K44: 222 | L44: 20 | M44: 300 | N44: 300 | O44: 144 | Q44: 228 | U44: 300 | W44: 300 | X44: 500
I45: 1010 | M45: 98 | N45: 98 | Q45: 96 | W45: 72
I46: =SUM(I40:I45) -> 23330.42
Y47: =SUM(Y40:Y45) -> 0
A54: =SUM(A40:A53) -> 3794.55 | B54: =SUM(B40:B53) -> 4120.17 | C54: =SUM(C40:C53) -> 2327.5 | D54: =SUM(D40:D53) -> 4168.28 | E54: =SUM(E40:E53) -> 590 | F54: =SUM(F40:F53) -> 3407.67 | G54: =SUM(G40:G53) -> 3627.98 | H54: =SUM(A54:G54)+I46 -> 45366.57 | I54: OASys Value | K54: =SUM(K41:K53) -> 6832 | L54: =SUM(L41:L53) -> 3485.5 | M54: =SUM(M41:M53) -> 8188 | N54: =SUM(N41:N53) -> 8188 | O54: =SUM(O41:O53) -> 6984 | P54: =SUM(P41:P53) -> 305 | Q54: =SUM(Q41:Q53) -> 3394 | R54: =SUM(R41:R53) -> 117.5 | ... X54: =SUM(X41:X53) -> 984.5 | Y54: =K55+M55+O55+Q55+S55+U55+W55 -> 42002
A55: 3794.55 | B55: 4120.17 | C55: 2327.5 | D55: 4168.28 | E55: 590 | F55: 3407.67 | G55: 3627.98 | H55: =SUM(A55:G55)+I46 -> 45366.57 | I55: Payroll Value | K55: 6832 | L55: 3485.5 | M55: 8188 | N55: 8188 | O55: 6984 | P55: 305 | Q55: 3394 | R55: 117.5 | S55: 432 | T55: 0 | U55: 8340 | V55: 377 | W55: 7832 | X55: 984.5 | Y55: =L55+N55+P55+R55+T55+V55+X55 -> 13457.5
A56: =A54-A55 -> 0 | B56: =B54-B55 -> 0 | C56: =C54-C55 -> 0 | D56: =D54-D55 -> 0 | E56: =E54-E55 -> 0 | F56: =F54-F55 -> 0 | G56: =G54-G55 -> 0 | K56: =K54-K55 -> 0 | L56: =L54-L55 -> 0 | M56: =M54-M55 -> 0 | N56: =N54-N55 -> 0 | O56: =O54-O55 -> 0 | P56: =P54-P55 -> 0 | Q56: =Q54-Q55 -> 0 | R56: =R54-R55 -> 0 | ... V56: =V54-V55 -> 0 | W56: =X511 -> 0 | X56: =X54-X55 -> 0
A58: 45098 | B58: 45099 | C58: 45100 | D58: 45101 | E58: 45102 | F58: 45103 | G58: 45104 | I58: Registers | K58: 45098 | M58: 45099 | O58: 45100 | Q58: 45101 | S58: 45102 | U58: 45103 | W58: 45104
A59: 1463.45 | B59: 653.45 | C59: 1711.9 | D59: 920 | E59: 480 | F59: 440 | G59: 948.45 | I59: 5125 | K59: Jobsheets | L59: Cash Vouchers | M59: Jobsheets | N59: Cash Vouchers | O59: Jobsheets | P59: Cash Vouchers | Q59: Jobsheets | R59: Cash Vouchers | S59: Jobsheets | T59: Cash Vouchers | U59: Jobsheets | V59: Cash Vouchers | W59: Jobsheets | X59: Cash Vouchers
A60: 1992.67 | B60: 693.45 | C60: 1919.55 | D60: 2444.54 | F60: 976.9 | G60: 358.45 | I60: 5535.3 | K60: 1925
A61: 541.55 | B61: 1849.86 | C61: 243.1 | D61: 330 | F61: 2017.67 | G61: 1802.46 | I61: 5828.62 | K61: 1715
B62: 508.1 | F62: 403.1 | G62: 443.1 | I62: 4269.94 | K62: 720
I63: 1980 | K63: 222
I64: 725.94 | K64: 24
I65: =SUM(I59:I64) -> 23464.8
Y66: =SUM(Y59:Y64) -> 0
A73: =SUM(A59:A72) -> 3997.67 | B73: =SUM(B59:B72) -> 3704.86 | C73: =SUM(C59:C72) -> 3874.55 | D73: =SUM(D59:D72) -> 3694.54 | E73: =SUM(E59:E72) -> 480 | F73: =SUM(F59:F72) -> 3837.67 | G73: =SUM(G59:G72) -> 3552.46 | H73: =SUM(A73:G73)+I65 -> 46606.55 | I73: OASys Value | K73: =SUM(K60:K72) -> 4606 | L73: =SUM(L60:L72) -> 0 | M73: =SUM(M60:M72) -> 0 | N73: =SUM(N60:N72) -> 0 | O73: =SUM(O60:O72) -> 0 | P73: =SUM(P60:P72) -> 0 | Q73: =SUM(Q60:Q72) -> 0 | R73: =SUM(R60:R72) -> 0 | ... X73: =SUM(X60:X72) -> 0 | Y73: =K74+M74+O74+Q74+S74+U74+W74 -> 4606
A74: 3997.67 | B74: 3704.86 | C74: 3874.55 | D74: 3694.54 | E74: 480 | F74: 3837.67 | G74: 3552.46 | H74: =SUM(A74:G74)+I65 -> 46606.55 | I74: Payroll Value | K74: 4606 | Y74: =L74+N74+P74+R74+T74+V74+X74 -> 0
A75: =A73-A74 -> 0 | B75: =B73-B74 -> 0 | C75: =C73-C74 -> 0 | D75: =D73-D74 -> 0 | E75: =E73-E74 -> 0 | F75: =F73-F74 -> 0 | G75: =G73-G74 -> 0 | K75: =K73-K74 -> 0 | L75: =L73-L74 -> 0 | M75: =M73-M74 -> 0 | N75: =N73-N74 -> 0 | O75: =O73-O74 -> 0 | P75: =P73-P74 -> 0 | Q75: =Q73-Q74 -> 0 | R75: =R73-R74 -> 0 | ... X75: =X73-X74 -> 0

Sheet July 2023
A1: 45105 | B1: 45106 | C1: 45107 | D1: 45108 | E1: 45109 | F1: 45110 | G1: 45111 | I1: Registers | K1: 45105 | M1: 45106 | O1: 45107 | Q1: 45108 | S1: 45109 | U1: 45110 | W1: 45111
A2: 1526.9 | B2: 653.45 | C2: 1341.9 | D2: 735 | E2: 580 | F2: 820 | G2: 1150 | I2: 6797.4 | K2: Jobsheets | L2: Cash Vouchers | M2: Jobsheets | N2: Cash Vouchers | O2: Jobsheets | P2: Cash Vouchers | Q2: Jobsheets | R2: Cash Vouchers | S2: Jobsheets | T2: Cash Vouchers | U2: Jobsheets | V2: Cash Vouchers | W2: Jobsheets | X2: Cash Vouchers
A3: 1884.65 | B3: 895.35 | C3: 1720.17 | D3: 1517.86 | E3: 120 | F3: 2760.47 | G3: 2850.47 | I3: 6085 | K3: 5400 | L3: 57.5 | M3: 5490 | N3: 57.5 | O3: 5480 | P3: 240 | Q3: 710 | R3: 42.5 | S3: 240 | U3: 1950 | V3: 460 | W3: 1760 | X3: 102.5
A4: 593.1 | B4: 1880.48 | C4: 488.1 | D4: 480 | G4: 475 | I4: 3793.52 | K4: 1800 | L4: 27.9 | M4: 1600 | O4: 2500 | P4: 65 | Q4: 1290 | S4: 140 | U4: 2710 | V4: 52.9 | W4: 2170
B5: 346.2 | F5: 920 | I5: 1410.51 | K5: 130 | L5: 120 | M5: 770 | O5: 470 | P5: 320 | Q5: 520 | S5: 72 | U5: 350 | W5: 880
I6: 862.08 | K6: 222 | M6: 300 | O6: 516 | Q6: 228 | U6: 300 | W6: 372
I7: 3598.38 | K7: 30 | M7: 72 | Q7: 102 | U7: 26 | W7: 72
I8: =SUM(I2:I7) -> 22546.89
Y9: =SUM(Y2:Y7) -> 0
A16: =SUM(A2:A15) -> 4004.65 | B16: =SUM(B2:B15) -> 3775.48 | C16: =SUM(C2:C15) -> 3550.17 | D16: =SUM(D2:D15) -> 2732.86 | E16: =SUM(E2:E15) -> 700 | F16: =SUM(F2:F15) -> 4500.47 | G16: =SUM(G2:G15) -> 4475.47 | H16: =SUM(A16:G16)+I8 -> 46285.99 | I16: OASys Value | K16: =SUM(K3:K15) -> 7582 | L16: =SUM(L3:L15) -> 205.4 | M16: =SUM(M3:M15) -> 8232 | N16: =SUM(N3:N15) -> 57.5 | O16: =SUM(O3:O15) -> 8966 | P16: =SUM(P3:P15) -> 625 | Q16: =SUM(Q3:Q15) -> 2850 | R16: =SUM(R3:R15) -> 42.5 | ... X16: =SUM(X3:X15) -> 102.5 | Y16: =K17+M17+O17+Q17+S17+U17+W17 -> 38672
A17: 4004.65 | B17: 3775.48 | C17: 3550.17 | D17: 2732.86 | E17: 700 | F17: 4500.47 | G17: 4475.47 | H17: =SUM(A17:G17)+I8 -> 46285.99 | I17: Payroll Value | K17: 7582 | L17: 205.4 | M17: 8232 | N17: 57.5 | O17: 8966 | P17: 625 | Q17: 2850 | R17: 42.5 | S17: 452 | T17: 0 | U17: 5336 | V17: 512 | W17: 5254 | X17: 102.5 | Y17: =L17+N17+P17+R17+T17+V17+X17 -> 1544.9
A18: =A16-A17 -> 0 | B18: =B16-B17 -> 0 | C18: =C16-C17 -> 0 | D18: =D16-D17 -> 0 | E18: =E16-E17 -> 0 | F18: =F16-F17 -> 0 | G18: =G16-G17 -> 0 | K18: =K16-K17 -> 0 | L18: =L16-L17 -> 0 | M18: =M16-M17 -> 0 | N18: =N16-N17 -> 0 | O18: =O16-O17 -> 0 | P18: =P16-P17 -> 0 | Q18: =Q16-Q17 -> 0 | R18: =R16-R17 -> 0 | ... X18: =X16-X17 -> 0
A20: 45112 | B20: 45113 | C20: 45114 | D20: 45115 | E20: 45116 | F20: 45117 | G20: 45118 | I20: Registers | K20: 45112 | M20: 45113 | O20: 45114 | Q20: 45115 | S20: 45116 | U20: 45117 | W20: 45118
A21: 1150 | B21: 1020 | C21: 1375 | D21: 685 | E21: 240 | F21: 1045 | G21: 750 | I21: 5922.75 | K21: Jobsheets | L21: Cash Vouchers | M21: Jobsheets | N21: Cash Vouchers | O21: Jobsheets | P21: Cash Vouchers | Q21: Jobsheets | R21: Cash Vouchers | S21: Jobsheets | T21: Cash Vouchers | U21: Jobsheets | V21: Cash Vouchers | W21: Jobsheets | X21: Cash Vouchers
A22: 2827.97 | B22: 2463.06 | C22: 2480.56 | D22: 870 | F22: 2623 | G22: 2463 | I22: 5289.97 | K22: 1730 | L22: 156.5 | M22: 1850 | N22: 42.5 | O22: 1550 | P22: 1500 | Q22: 770 | R22: 2040 | S22: 480 | U22: 1840 | V22: 80 | W22: 2080 | X22: 42.5
A23: 565 | B23: 585 | C23: 405 | D23: 610 | F23: 185 | G23: 710 | I23: 4755 | K23: 3525 | M23: 2055 | N23: 26.1 | O23: 2445 | P23: 50 | Q23: 1450 | R23: 60 | S23: 140 | U23: 2720 | W23: 2115 | X23: 65
F24: 1095 | I24: 780 | K24: 575 | M24: 1075 | O24: 605 | P24: 2000 | Q24: 440 | S24: 140 | U24: 920 | W24: 1465
I25: 4005.15 | K25: 222 | M25: 300 | O25: 144 | Q25: 348 | S25: 72 | U25: 300 | W25: 300
M26: 72 | Q26: 96 | W26: 72
I27: =SUM(I21:I26) -> 20752.87
Y28: =SUM(Y21:Y26) -> 0
AA33: 13892
AA34: 657
A35: =SUM(A21:A34) -> 4542.97 | B35: =SUM(B21:B34) -> 4068.06 | C35: =SUM(C21:C34) -> 4260.56 | D35: =SUM(D21:D34) -> 2165 | E35: =SUM(E21:E34) -> 240 | F35: =SUM(F21:F34) -> 4948 | G35: =SUM(G21:G34) -> 3923 | H35: =SUM(A35:G35)+I27 -> 44900.46 | I35: OASys Value | K35: =SUM(K22:K34) -> 6052 | L35: =SUM(L22:L34) -> 156.5 | M35: =SUM(M22:M34) -> 5352 | N35: =SUM(N22:N34) -> 68.6 | O35: =SUM(O22:O34) -> 4744 | P35: =SUM(P22:P34) -> 3550 | Q35: =SUM(Q22:Q34) -> 3104 | R35: =SUM(R22:R34) -> 2100 | ... X35: =SUM(X22:X34) -> 107.5 | Y35: =K36+M36+O36+Q36+S36+U36+W36 -> 31896 | AA35: =Y35 -> 31896
A36: 4542.97 | B36: 4068.06 | C36: 4260.56 | D36: 2165 | E36: 240 | F36: 4948 | G36: 3923 | H36: =SUM(A36:G36)+I27 -> 44900.46 | I36: Payroll Value | K36: 6052 | L36: 156.5 | M36: 5352 | N36: 68.6 | O36: 4744 | P36: 3550 | Q36: 3104 | R36: 2100 | S36: 832 | T36: 0 | U36: 5780 | V36: 80 | W36: 6032 | X36: 107.5 | Y36: =L36+N36+P36+R36+T36+V36+X36 -> 6062.6 | AA36: =Y36 -> 6062.6
A37: =A35-A36 -> 0 | B37: =B35-B36 -> 0 | C37: =C35-C36 -> 0 | D37: =D35-D36 -> 0 | E37: =E35-E36 -> 0 | F37: =F35-F36 -> 0 | G37: =G35-G36 -> 0 | K37: =K35-K36 -> 0 | L37: =L35-L36 -> 0 | M37: =M35-M36 -> 0 | N37: =N35-N36 -> 0 | O37: =O35-O36 -> 0 | P37: =P35-P36 -> 0 | Q37: =Q35-Q36 -> 0 | R37: =R35-R36 -> 0 | ... X37: =X35-X36 -> 0 | AA37: =Y54 -> 28690
AA38: =Y55 -> 3203.5
A39: 45119 | B39: 45120 | C39: 45121 | D39: 45122 | E39: 45123 | F39: 45124 | G39: 45125 | I39: Registers | K39: 45119 | M39: 45120 | O39: 45121 | Q39: 45122 | R39: 45123 | S39: 45123 | U39: 45124 | W39: 45125 | AA39: =Y73 -> 27112
A40: 1325 | B40: 1320 | C40: 1120 | D40: 210 | E40: 325 | F40: 910 | G40: 1200 | I40: 5922.75 | K40: Jobsheets | L40: Cash Vouchers | M40: Jobsheets | N40: Cash Vouchers | O40: Jobsheets | P40: Cash Vouchers | Q40: Jobsheets | R40: Cash Vouchers | S40: Jobsheets | T40: Cash Vouchers | U40: Jobsheets | V40: Cash Vouchers | W40: Jobsheets | X40: Cash Vouchers | AA40: =Y74 -> 3932.5
A41: 2747.97 | B41: 2423.09 | C41: 2593.06 | D41: 410 | F41: 2319.99 | G41: 2412.82 | I41: 2620 | K41: 1670 | L41: 1500 | M41: 1580 | N41: 60 | O41: 1820 | P41: 50 | Q41: 870 | R41: 50 | S41: 480 | U41: 1950 | V41: 50 | W41: 1790 | X41: 77.9 | AA41: =Y92 -> 27948
A42: 690 | B42: 820 | C42: 605 | D42: 1266.14 | F42: 940 | G42: 640 | I42: 2690 | K42: 1965 | L42: 42.5 | M42: 1765 | N42: 372 | O42: 2065 | P42: 30 | Q42: 140 | S42: 70 | U42: 1930 | V42: 731.1 | W42: 1515 | AA42: =Y93 -> 5048.4
D43: 560 | I43: 4005.15 | K43: 1155 | M43: 1635 | N43: 90 | O43: 695 | Q43: 590 | S43: 140 | U43: 510 | W43: 905 | AA43: =SUM(AA33:AA42) -> 148442
I44: 5389.97 | K44: 222 | M44: 300 | N44: 150 | O44: 144 | Q44: 510 | S44: 72 | U44: 1110 | W44: 300
I45: 461.2 | M45: 72 | Q45: 276 | U45: 300 | W45: 72
I46: =SUM(I40:I45) -> 21089.07 | Q46: 72
Y47: =SUM(Y40:Y45) -> 0
B52: 555
A54: =SUM(A40:A53) -> 4762.97 | B54: =SUM(B40:B53) -> 5118.09 | C54: =SUM(C40:C53) -> 4318.06 | D54: =SUM(D40:D53) -> 2446.14 | E54: =SUM(E40:E53) -> 325 | F54: =SUM(F40:F53) -> 4169.99 | G54: =SUM(G40:G53) -> 4252.82 | H54: =SUM(A54:G54)+I46 -> 46482.14 | I54: OASys Value | K54: =SUM(K41:K53) -> 5012 | L54: =SUM(L41:L53) -> 1542.5 | M54: =SUM(M41:M53) -> 5352 | N54: =SUM(N41:N53) -> 672 | O54: =SUM(O41:O53) -> 4724 | P54: =SUM(P41:P53) -> 80 | Q54: =SUM(Q41:Q53) -> 2458 | R54: =SUM(R41:R53) -> 50 | ... X54: =SUM(X41:X53) -> 77.9 | Y54: =K55+M55+O55+Q55+S55+U55+W55 -> 28690
A55: 4762.97 | B55: 4563.09 | C55: 4318.06 | D55: 2446.14 | E55: 325 | F55: 4169.99 | G55: 4252.82 | H55: =SUM(A55:G55)+I46 -> 45927.14 | I55: Payroll Value | K55: 5012 | L55: 1542.5 | M55: 5352 | N55: 672 | O55: 4724 | P55: 80 | Q55: 2458 | R55: 50 | S55: 762 | U55: 5800 | V55: 781.1 | W55: 4582 | X55: 77.9 | Y55: =L55+N55+P55+R54+T55+V55+X55 -> 3203.5
A56: =A54-A55 -> 0 | B56: =B54-B55 -> 555 | C56: =C54-C55 -> 0 | D56: =D54-D55 -> 0 | E56: =E54-E55 -> 0 | F56: =F54-F55 -> 0 | G56: =G54-G55 -> 0 | K56: =K54-K55 -> 0 | L56: =L54-L55 -> 0 | M56: =M54-M55 -> 0 | N56: =N54-N55 -> 0 | O56: =O54-O55 -> 0 | P56: =P54-P55 -> 0 | Q56: =Q54-Q55 -> 0 | R56: =R54-R55 -> 0 | ... X56: =X54-X55 -> 0
A58: 45126 | B58: 45127 | C58: 45128 | D58: 45129 | E58: 45130 | F58: 45131 | G58: 45132 | I58: Registers | K58: 45126 | M58: 45127 | O58: 45128 | Q58: 45129 | S58: 45130 | U58: 45131 | W58: 45132
A59: 1195 | B59: 1100 | C59: 1420 | D59: 680 | E59: 240 | F59: 1185.92 | G59: 1105 | I59: 3185 | K59: Jobsheets | L59: Cash Vouchers | M59: Jobsheets | N59: Cash Vouchers | O59: Jobsheets | P59: Cash Vouchers | Q59: Jobsheets | R59: Cash Vouchers | S59: Jobsheets | T59: Cash Vouchers | U59: Jobsheets | V59: Cash Vouchers | W59: Jobsheets | X59: Cash Vouchers
A60: 2414.99 | B60: 2550.59 | C60: 2520.59 | D60: 1622.86 | F60: 2081 | G60: 2457.49 | I60: 5922.75 | K60: 1745 | L60: 50 | M60: 1780 | N60: 35 | O60: 1550 | P60: 372 | Q60: 790 | R60: 2880 | S60: 480 | T60: 0 | U60: 1710 | V60: 42.5 | W60: 1780 | X60: 42.5
A61: 555 | B61: 185 | C61: 380 | D61: 585 | F61: 930 | G61: 870 | I61: 5289.97 | K61: 1395 | L61: 30 | M61: 1620 | O61: 2030 | P61: 50 | Q61: 1500 | R61: 70 | S61: 140 | U61: 2020 | V61: 129.9 | W61: 1300 | X61: 137
B62: 995 | I62: 4005.15 | K62: 580 | M62: 980 | O62: 730 | P62: 69.6 | Q62: 440 | S62: 140 | U62: 500 | W62: 410 | X62: 24
I63: 1950 | K63: 222 | M63: 300 | O63: 144 | Q63: 228 | S63: 72 | U63: 850 | W63: 710
I64: 1237.94 | M64: 96 | O64: 24 | Q64: 120 | U64: 300 | W64: 300
I65: =SUM(I59:I64) -> 21590.81 | U65: 24 | W65: 102
Y66: =SUM(Y59:Y64) -> 0
A73: =SUM(A59:A72) -> 4164.99 | B73: =SUM(B59:B72) -> 4830.59 | C73: =SUM(C59:C72) -> 4320.59 | D73: =SUM(D59:D72) -> 2887.86 | E73: =SUM(E59:E72) -> 240 | F73: =SUM(F59:F72) -> 4196.92 | G73: =SUM(G59:G72) -> 4432.49 | H73: =SUM(A73:G73)+I65 -> 46664.25 | I73: OASys Value | K73: =SUM(K60:K72) -> 3942 | L73: =SUM(L60:L72) -> 80 | M73: =SUM(M60:M72) -> 4776 | N73: =SUM(N60:N72) -> 35 | O73: =SUM(O60:O72) -> 4478 | P73: =SUM(P60:P72) -> 491.6 | Q73: =SUM(Q60:Q72) -> 3078 | R73: =SUM(R60:R72) -> 2950 | ... X73: =SUM(X60:X72) -> 203.5 | Y73: =K74+M74+O74+Q74+S74+U74+W74 -> 27112
A74: 4164.99 | B74: 4830.59 | C74: 4320.59 | D74: 2887.86 | E74: 240 | F74: 4196.92 | G74: 4432.49 | H74: =SUM(A74:G74)+I65 -> 46664.25 | I74: Payroll Value | K74: 3942 | L74: 80 | M74: 4776 | N74: 35 | O74: 4478 | P74: 491.6 | Q74: 3078 | R74: 2950 | S74: 832 | T74: 0 | U74: 5404 | V74: 172.4 | W74: 4602 | X74: 203.5 | Y74: =L74+N74+P74+R74+T74+V74+X74 -> 3932.5
A75: =A73-A74 -> 0 | B75: =B73-B74 -> 0 | C75: =C73-C74 -> 0 | D75: =D73-D74 -> 0 | E75: =E73-E74 -> 0 | F75: =F73-F74 -> 0 | G75: =G73-G74 -> 0 | K75: =K73-K74 -> 0 | L75: =L73-L74 -> 0 | M75: =M73-M74 -> 0 | N75: =N73-N74 -> 0 | O75: =O73-O74 -> 0 | P75: =P73-P74 -> 0 | Q75: =Q73-Q74 -> 0 | R75: =R73-R74 -> 0 | ... X75: =X73-X74 -> 0
A77: 45133 | B77: 45134 | C77: 45135 | D77: 45136 | E77: 45137 | F77: 45138 | G77: 45139 | I77: Registers | K77: 45133 | M77: 45134 | O77: 45135 | Q77: 45136 | S77: 45137 | U77: 45138 | W77: 45139
A78: 930 | B78: 865 | C78: 865 | D78: 695 | E78: 85 | F78: 910 | G78: 870 | I78: 5922.75 | K78: Jobsheets | L78: Cash Vouchers | M78: Jobsheets | N78: Cash Vouchers | O78: Jobsheets | P78: Cash Vouchers | Q78: Jobsheets | R78: Cash Vouchers | S78: Jobsheets | T78: Cash Vouchers | U78: Jobsheets | V78: Cash Vouchers | W78: Jobsheets | X78: Cash Vouchers
A79: 2347.49 | B79: 2187.76 | C79: 2655.56 | D79: 545 | E79: 120 | F79: 2619.99 | G79: 2129.39 | I79: 3122.5 | K79: 1925 | L79: 2160 | M79: 1940 | N79: 102.5 | O79: 1980 | P79: 70 | Q79: 590 | R79: 60 | S79: 480 | U79: 2000 | V79: 36 | W79: 1390 | X79: 50
A80: 1050 | B80: 185 | C80: 605 | D80: 515 | F80: 1240 | G80: 605 | I80: 5289.97 | K80: 1715 | L80: 50 | M80: 2190 | N80: 120 | O80: 2115 | Q80: 840 | R80: 95 | S80: 170 | U80: 2465 | V80: 60 | W80: 1885 | X80: 139.9
B81: 1170 | I81: 4005.15 | K81: 720 | M81: 990 | O81: 795 | Q81: 228 | S81: 140 | U81: 505 | V81: 125 | W81: 845 | X81: 1980
I82: 4010 | K82: 222 | M82: 310 | O82: 144 | Q82: 24 | S82: 72 | U82: 300 | W82: 300
I83: 1468.54 | K83: 24 | M83: 300 | O83: 24 | U83: 96 | W83: 128
I84: =SUM(I78:I83) -> 23818.91 | M84: 96
Y85: =SUM(Y78:Y83) -> 0
A92: =SUM(A78:A91) -> 4327.49 | B92: =SUM(B78:B91) -> 4407.76 | C92: =SUM(C78:C91) -> 4125.56 | D92: =SUM(D78:D91) -> 1755 | E92: =SUM(E78:E91) -> 205 | F92: =SUM(F78:F91) -> 4769.99 | G92: =SUM(G78:G91) -> 3604.39 | H92: =SUM(A92:G92)+I84 -> 47014.1 | I92: OASys Value | K92: =SUM(K79:K91) -> 4606 | L92: =SUM(L79:L91) -> 2210 | M92: =SUM(M79:M91) -> 5826 | N92: =SUM(N79:N91) -> 222.5 | O92: =SUM(O79:O91) -> 5058 | P92: =SUM(P79:P91) -> 70 | Q92: =SUM(Q79:Q91) -> 1682 | R92: =SUM(R79:R91) -> 155 | ... X92: =SUM(X79:X91) -> 2169.9 | Y92: =K93+M93+O93+Q93+S93+U93+W93 -> 27948
A93: 4327.49 | B93: 4407.76 | C93: 4125.56 | D93: 1755 | E93: 205 | F93: 4769.99 | G93: 3604.39 | H93: =SUM(A93:G93)+I84 -> 47014.1 | I93: Payroll Value | K93: 4606 | L93: 2210 | M93: 5826 | N93: 222.5 | O93: 5058 | P93: 70 | Q93: 1682 | R93: 155 | S93: 862 | T93: 0 | U93: 5366 | V93: 221 | W93: 4548 | X93: 2169.9 | Y93: =L93+N93+P93+R93+T93+V93+X93 -> 5048.4
A94: =A92-A93 -> 0 | B94: =B92-B93 -> 0 | C94: =C92-C93 -> 0 | D94: =D92-D93 -> 0 | E94: =E92-E93 -> 0 | F94: =F92-F93 -> 0 | G94: =G92-G93 -> 0 | K94: =K92-K93 -> 0 | L94: =L92-L93 -> 0 | M94: =M92-M93 -> 0 | N94: =N92-N93 -> 0 | O94: =O92-O93 -> 0 | P94: =P92-P93 -> 0 | Q94: =Q92-Q93 -> 0 | R94: =R92-R93 -> 0 | ... X94: =X92-X93 -> 0

Sheet August 2023
A1: 45140 | B1: 45141 | C1: 45142 | D1: 45143 | E1: 45144 | F1: 45145 | G1: 45146 | I1: Registers | K1: 45140 | M1: 45141 | O1: 45142 | Q1: 45143 | S1: 45144 | U1: 45145 | W1: 45146
A2: 890 | B2: 860 | C2: 995 | D2: 710 | E2: 120 | F2: 855 | G2: 950 | I2: 5922.75 | K2: Jobsheets | L2: Cash Vouchers | M2: Jobsheets | N2: Cash Vouchers | O2: Jobsheets | P2: Cash Vouchers | Q2: Jobsheets | R2: Cash Vouchers | S2: Jobsheets | T2: Cash Vouchers | U2: Jobsheets | V2: Cash Vouchers | W2: Jobsheets | X2: Cash Vouchers
A3: 2327.46 | B3: 3053.06 | C3: 2087.46 | D3: 1747.88 | E3: 85 | F3: 2242.16 | G3: 1937.16 | I3: 3430 | K3: 1370 | L3: 60 | M3: 1380 | N3: 24 | O3: 1300 | P3: 130 | Q3: 780 | R3: 42.5 | S3: 480 | T3: 0 | U3: 2220 | V3: 372 | W3: 2630
A4: 450 | B4: 655 | C4: 305 | D4: 505 | F4: 575 | G4: 265 | I4: 4005 | K4: 1870 | L4: 237.5 | M4: 1480 | N4: 110 | O4: 2435 | P4: 60 | Q4: 1330 | S4: 140 | U4: 2950 | V4: 42.5 | W4: 1845 | X4: 50
D5: 552.24 | I5: 4005.15 | K5: 630 | M5: 1300 | N5: 41 | O5: 785 | P5: 19.2 | Q5: 580 | S5: 170 | U5: 900 | W5: 1645 | X5: 640
I6: 5921.05 | K6: 222 | M6: 300 | O6: 72 | Q6: 156 | S6: 72 | U6: 216 | W6: 258
I7: 1784.08 | K7: 24 | M7: 102 | Q7: 78 | W7: 88
I8: =SUM(I2:I7) -> 25068.03
Y9: =SUM(Y2:Y7) -> 0
A16: =SUM(A2:A15) -> 3667.46 | B16: =SUM(B2:B15) -> 4568.06 | C16: =SUM(C2:C15) -> 3387.46 | D16: =SUM(D2:D15) -> 3515.12 | E16: =SUM(E2:E15) -> 205 | F16: =SUM(F2:F15) -> 3672.16 | G16: =SUM(G2:G15) -> 3152.16 | H16: =SUM(A16:G16)+I8 -> 47235.45 | I16: OASys Value | K16: =SUM(K3:K15) -> 4116 | L16: =SUM(L3:L15) -> 297.5 | M16: =SUM(M3:M15) -> 4562 | N16: =SUM(N3:N15) -> 175 | O16: =SUM(O3:O15) -> 4592 | P16: =SUM(P3:P15) -> 209.2 | Q16: =SUM(Q3:Q15) -> 2924 | R16: =SUM(R3:R15) -> 42.5 | ... X16: =SUM(X3:X15) -> 690 | Y16: =K17+M17+O17+Q17+S17+U17+W17 -> 29808
A17: 3667.46 | B17: 4568.06 | C17: 3387.46 | D17: 2962.88 | E17: 205 | F17: 3672.16 | G17: 3152.16 | H17: =SUM(A17:G17)+I8 -> 46683.21 | I17: Payroll Value | K17: 4116 | L17: 297.5 | M17: 4562 | N17: 175 | O17: 4592 | P17: 209.2 | Q17: 2924 | R17: 42.5 | S17: 862 | T17: 0 | U17: 6286 | V17: 414.5 | W17: 6466 | X17: 690 | Y17: =L17+N17+P17+R17+T17+V17+X17 -> 1828.7
A18: =A16-A17 -> 0 | B18: =B16-B17 -> 0 | C18: =C16-C17 -> 0 | D18: =D16-D17 -> 552.24 | E18: =E16-E17 -> 0 | F18: =F16-F17 -> 0 | G18: =G16-G17 -> 0 | H18: =H16-H17 -> 552.24 | K18: =K16-K17 -> 0 | L18: =L16-L17 -> 0 | M18: =M16-M17 -> 0 | N18: =N16-N17 -> 0 | O18: =O16-O17 -> 0 | P18: =P16-P17 -> 0 | Q18: =Q16-Q17 -> 0 | R18: =R16-R17 -> 0 | ... X18: =X16-X17 -> 0
A20: 45147 | B20: 45148 | C20: 45149 | D20: 45150 | E20: 45151 | F20: 45152 | G20: 45153 | I20: Registers | K20: 45147 | M20: 45148 | O20: 45149 | Q20: 45150 | S20: 45151 | U20: 45152 | W20: 45153
A21: 830 | B21: 825 | C21: 1265 | D21: 620 | E21: 205 | F21: 845 | G21: 1015 | H21: 222555555 | I21: 2014.68 | K21: Jobsheets | L21: Cash Vouchers | M21: Jobsheets | N21: Cash Vouchers | O21: Jobsheets | P21: Cash Vouchers | Q21: Jobsheets | R21: Cash Vouchers | S21: Jobsheets | T21: Cash Vouchers | U21: Jobsheets | V21: Cash Vouchers | W21: Jobsheets | X21: Cash Vouchers
A22: 620 | B22: 1914.39 | C22: 1854.99 | D22: 2363.7 | F22: 2203 | G22: 2389.99 | I22: 2710 | K22: 2300 | L22: 102.5 | M22: 2640 | N22: 60 | O22: 2230 | P22: 57.5 | Q22: 850 | R22: 52.5 | S22: 480 | U22: 1380 | V22: 57.5 | W22: 1240 | X22: 60
A23: 425 | B23: 650 | C23: 475 | D23: 505 | F23: 655 | G23: 500 | I23: 4745 | K23: 1340 | M23: 1845 | N23: 156 | O23: 190 | P23: 576 | Q23: 1260 | R23: 2280 | S23: 170 | U23: 2260 | V23: 2220 | W23: 1720 | X23: 24
I24: 5527.9 | K24: 700 | M24: 945 | N24: 35 | O24: 2685 | Q24: 650 | S24: 140 | U24: 495 | W24: 930 | X24: 50
I25: 5605.51 | K25: 156 | M25: 258 | N25: 566 | O25: 665 | Q25: 228 | S25: 72 | U25: 985 | W25: 300 | X25: 200
I26: 4005.15 | M26: 52 | O26: 144 | Q26: 78 | U26: 324 | W26: 52
I27: =SUM(I21:I26) -> 24608.24
Y28: =SUM(Y21:Y26) -> 0
A35: =SUM(A21:A34) -> 1875 | B35: =SUM(B21:B34) -> 3389.39 | C35: =SUM(C21:C34) -> 3594.99 | D35: =SUM(D21:D34) -> 3488.7 | E35: =SUM(E21:E34) -> 205 | F35: =SUM(F21:F34) -> 3703 | G35: =SUM(G21:G34) -> 3904.99 | H35: =SUM(A35:G35)+I27 -> 44769.31 | I35: OASys Value | K35: =SUM(K22:K34) -> 4496 | L35: =SUM(L22:L34) -> 102.5 | M35: =SUM(M22:M34) -> 5740 | N35: =SUM(N22:N34) -> 817 | O35: =SUM(O22:O34) -> 5914 | P35: =SUM(P22:P34) -> 633.5 | Q35: =SUM(Q22:Q34) -> 3066 | R35: =SUM(R22:R34) -> 2332.5 | ... X35: =SUM(X22:X34) -> 334 | Y35: =K36+M36+O36+Q36+S36+U36+W36 -> 29764
A36: =1875 -> 1875 | B36: 3389.39 | C36: 3594.99 | D36: 3488.7 | E36: 205 | F36: 3703 | G36: =3904.99+552.24 -> 4457.23 | H36: =SUM(A36:G36)+I27 -> 45321.55 | I36: Payroll Value | K36: 4496 | L36: 102.5 | M36: 5740 | N36: 817 | O36: 5914 | P36: 633.5 | Q36: 3066 | R36: 2332.5 | S36: 862 | T36: 0 | U36: 5444 | V36: 2277.5 | W36: 4242 | X36: 334 | Y36: =L36+N36+P36+R36+T36+V36+X36 -> 6497
A37: =A35-A36 -> 0 | B37: =B35-B36 -> 0 | C37: =C35-C36 -> 0 | D37: =D35-D36 -> 0 | E37: =E35-E36 -> 0 | F37: =F35-F36 -> 0 | G37: =G35-G36 -> -552.24 | H37: =H35-H36 -> -552.24 | K37: =K35-K36 -> 0 | L37: =L35-L36 -> 0 | M37: =M35-M36 -> 0 | N37: =N35-N36 -> 0 | O37: =O35-O36 -> 0 | P37: =P35-P36 -> 0 | Q37: =Q35-Q36 -> 0 | R37: =R35-R36 -> 0 | ... X37: =X35-X36 -> 0
A39: 45154 | B39: 45155 | C39: 45156 | D39: 45157 | E39: 45158 | F39: 45159 | G39: 45160 | I39: Registers | K39: 45154 | M39: 45155 | O39: 45156 | Q39: 45157 | S39: 45158 | U39: 45159 | W39: 45160
A40: 650 | B40: 790 | C40: 1115 | D40: 740 | E40: 205 | F40: 920 | G40: 1055 | I40: 5922.75 | K40: Jobsheets | L40: Cash Vouchers | M40: Jobsheets | N40: Cash Vouchers | O40: Jobsheets | P40: Cash Vouchers | Q40: Jobsheets | R40: Cash Vouchers | S40: Jobsheets | T40: Cash Vouchers | U40: Jobsheets | V40: Cash Vouchers | W40: Jobsheets | X40: Cash Vouchers
A41: 2174.39 | B41: 2467.46 | C41: 2162.46 | D41: 1984.99 | F41: 2302.46 | G41: 2089.39 | I41: 4745 | K41: 1540 | L41: 60 | M41: 1460 | N41: 170 | O41: 1200 | P41: 26 | Q41: 860 | R41: 60 | S41: 480 | U41: 1130 | V41: 50 | W41: 1200 | X41: 60
A42: 575 | B42: 695 | C42: 290 | D42: 525 | F42: 545 | G42: 90 | I42: 5289.97 | K42: 1910 | L42: 372 | M42: 1670 | O42: 2240 | P42: 60 | Q42: 1070 | R42: 62.9 | S42: 240 | U42: 180 | V42: 60 | W42: 1840 | X42: 100.5
G43: 320 | I43: 4005.15 | K43: 900 | L43: 42.5 | M43: 420 | O43: 700 | P43: 110 | Q43: 370 | R43: 1800 | S43: 48 | U43: 2270 | W43: 1720
I44: 2340 | K44: 234 | L44: 40 | M44: 730 | O44: 144 | P44: 179.6 | Q44: 228 | U44: 290 | W44: 320
I45: 2099.62 | M45: 324 | Q45: 96 | U45: 1060 | W45: 120
I46: =SUM(I40:I45) -> 24402.49 | M46: 108 | U46: 324
Y47: =SUM(Y40:Y45) -> 0
A54: =SUM(A40:A53) -> 3399.39 | B54: =SUM(B40:B53) -> 3952.46 | C54: =SUM(C40:C53) -> 3567.46 | D54: =SUM(D40:D53) -> 3249.99 | E54: =SUM(E40:E53) -> 205 | F54: =SUM(F40:F53) -> 3767.46 | G54: =SUM(G40:G53) -> 3554.39 | H54: =SUM(A54:G54)+I46 -> 46098.64 | I54: OASys Value | K54: =SUM(K41:K53) -> 4584 | L54: =SUM(L41:L53) -> 514.5 | M54: =SUM(M41:M53) -> 4712 | N54: =SUM(N41:N53) -> 170 | O54: =SUM(O41:O53) -> 4284 | P54: =SUM(P41:P53) -> 375.6 | Q54: =SUM(Q41:Q53) -> 2624 | R54: =SUM(R41:R53) -> 1922.9 | ... X54: =SUM(X41:X53) -> 160.5 | Y54: =K55+M55+O55+Q55+S55+U55+W55 -> 27426
A55: 3399.39 | B55: 3952.46 | C55: 3567.46 | D55: 3249.99 | E55: 205 | F55: 3767.46 | G55: 3554.39 | H55: =SUM(A55:G55)+I46 -> 46098.64 | I55: Payroll Value | K55: 4584 | L55: 514.5 | M55: 4712 | N55: 170 | O55: 4284 | P55: 375.6 | Q55: 2624 | R55: 1922.9 | S55: 768 | T55: 0 | U55: 5254 | V55: 110 | W55: 5200 | X55: 160.5 | Y55: =L55+N55+P55+R55+T55+V55+X55 -> 3253.5
A56: =A54-A55 -> 0 | B56: =B54-B55 -> 0 | C56: =C54-C55 -> 0 | D56: =D54-D55 -> 0 | E56: =E54-E55 -> 0 | F56: =F54-F55 -> 0 | G56: =G54-G55 -> 0 | K56: =K54-K55 -> 0 | L56: =L54-L55 -> 0 | M56: =M54-M55 -> 0 | N56: =N54-N55 -> 0 | O56: =O54-O55 -> 0 | P56: =P54-P55 -> 0 | Q56: =Q54-Q55 -> 0 | R56: =R54-R55 -> 0 | ... X56: =X54-X55 -> 0
A58: 45161 | B58: 45162 | C58: 45163 | D58: 45164 | E58: 45165 | F58: 45166 | G58: 45167 | I58: Registers | K58: 45161 | M58: 45162 | O58: 45163 | Q58: 45164 | S58: 45165 | U58: 45166 | W58: 45167
A59: 725 | B59: 1055 | C59: 1000 | D59: 690 | E59: 240 | F59: 930 | G59: 740 | I59: 4005.15 | K59: Jobsheets | L59: Cash Vouchers | M59: Jobsheets | N59: Cash Vouchers | O59: Jobsheets | P59: Cash Vouchers | Q59: Jobsheets | R59: Cash Vouchers | S59: Jobsheets | T59: Cash Vouchers | U59: Jobsheets | V59: Cash Vouchers | W59: Jobsheets | X59: Cash Vouchers
A60: 2336.92 | B60: 1919.39 | C60: 1651.92 | D60: 2394 | F60: 1979.39 | G60: 2019.39 | I60: 5289.97 | K60: 1510 | L60: 42.5 | M60: 1230 | N60: 42.5 | O60: 1280 | P60: 2280 | Q60: 730 | R60: 45 | S60: 480 | U60: 1330 | V60: 117.5 | W60: 1500 | X60: 60
A61: 475 | B61: 515 | C61: 435 | D61: 360 | F61: 425 | G61: 1045 | I61: 5300 | K61: 1650 | M61: 1930 | O61: 1930 | P61: 37.5 | Q61: 1240 | R61: 360 | S61: 280 | U61: 2865 | V61: 225 | W61: 1870 | X61: 372
I62: 5922.75 | K62: 910 | M62: 1100 | O62: 440 | P62: 30 | Q62: 1100 | S62: 72 | U62: 1045 | W62: 1120 | X62: 57.5
I63: 1092.28 | K63: 222 | M63: 320 | O63: 770 | P63: 24 | Q63: 228 | U63: 300 | W63: 300
I64: 390 | M64: 72 | O64: 144 | Q64: 78 | U64: 24 | W64: 120
I65: =SUM(I59:I64) -> 22000.15
Y66: =SUM(Y59:Y64) -> 0
A73: =SUM(A59:A72) -> 3536.92 | B73: =SUM(B59:B72) -> 3489.39 | C73: =SUM(C59:C72) -> 3086.92 | D73: =SUM(D59:D72) -> 3444 | E73: =SUM(E59:E72) -> 240 | F73: =SUM(F59:F72) -> 3334.39 | G73: =SUM(G59:G72) -> 3804.39 | H73: =SUM(A73:G73)+I65 -> 42936.16 | I73: OASys Value | K73: =SUM(K60:K72) -> 4292 | L73: =SUM(L60:L72) -> 42.5 | M73: =SUM(M60:M72) -> 4652 | N73: =SUM(N60:N72) -> 42.5 | O73: =SUM(O60:O72) -> 4564 | P73: =SUM(P60:P72) -> 2371.5 | Q73: =SUM(Q60:Q72) -> 3376 | R73: =SUM(R60:R72) -> 405 | ... X73: =SUM(X60:X72) -> 489.5 | Y73: =K74+M74+O74+Q74+S74+U74+W74 -> 28190
A74: 3536.92 | B74: 3489.39 | C74: 3086.92 | D74: 3444 | E74: 240 | F74: 3334.39 | G74: 3804.39 | H74: =SUM(A74:G74)+I65 -> 42936.16 | I74: Payroll Value | K74: 4292 | L74: 42.5 | M74: 4652 | N74: 42.5 | O74: 4564 | P74: 2371.5 | Q74: 3376 | R74: 405 | S74: 832 | T74: 0 | U74: 5564 | V74: 342.5 | W74: 4910 | X74: 489.5 | Y74: =L74+N74+P74+R74+T74+V74+X74 -> 3693.5
A75: =A73-A74 -> 0 | B75: =B73-B74 -> 0 | C75: =C73-C74 -> 0 | D75: =D73-D74 -> 0 | E75: =E73-E74 -> 0 | F75: =F73-F74 -> 0 | G75: =G73-G74 -> 0 | K75: =K73-K74 -> 0 | L75: =L73-L74 -> 0 | M75: =M73-M74 -> 0 | N75: =N73-N74 -> 0 | O75: =O73-O74 -> 0 | P75: =P73-P74 -> 0 | Q75: =Q73-Q74 -> 0 | R75: =R73-R74 -> 0 | ... X75: =X73-X74 -> 0

Sheet September 2023
A1: 45168 | B1: 45169 | C1: 45170 | D1: 45171 | E1: 45172 | F1: 45173 | G1: 45174 | I1: Registers | K1: 45168 | M1: 45169 | O1: 45170 | Q1: 45171 | S1: 45172 | U1: 45173 | W1: 45174
A2: 665 | B2: 775 | C2: 930 | D2: 530 | E2: 205 | F2: 715 | G2: 825 | I2: 5922.75 | K2: Jobsheets | L2: Cash Vouchers | M2: Jobsheets | N2: Cash Vouchers | O2: Jobsheets | P2: Cash Vouchers | Q2: Jobsheets | R2: Cash Vouchers | S2: Jobsheets | T2: Cash Vouchers | U2: Jobsheets | V2: Cash Vouchers | W2: Jobsheets | X2: Cash Vouchers
A3: 290 | B3: 2229.39 | C3: 2006.92 | D3: 2123.12 | F3: 2302.22 | G3: 2978 | I3: 3760 | K3: 1370 | L3: 52.5 | M3: 1510 | N3: 42.5 | O3: 1380 | P3: 66 | Q3: 890 | R3: 120 | S3: 480 | T3: 0 | U3: 1570 | V3: 260 | W3: 1470 | X3: 50
A4: 2116.92 | B4: 800 | C4: 610 | D4: 720 | F4: 775 | G4: 830 | I4: 5605.51 | K4: 1320 | M4: 1670 | O4: 2170 | P4: 57.5 | Q4: 1480 | R4: 95.5 | S4: 170 | U4: 2580 | V4: 60 | W4: 1460
A5: 132.5 | I5: 4005.15 | K5: 425 | M5: 1550 | O5: 760 | P5: 649.7 | Q5: 370 | R5: 30 | S5: 140 | U5: 760 | W5: 60
A6: 900 | I6: 1560 | K6: 70 | M6: 320 | O6: 144 | Q6: 348 | S6: 72 | U6: 372 | W6: 1360
I7: 230.6 | K7: 745 | M7: 120 | Q7: 120 | W7: 300
I8: =SUM(I2:I7) -> 21084.01 | K8: 222 | W8: 144
K9: 26 | Y9: =SUM(Y2:Y7) -> 0
A16: =SUM(A2:A15) -> 4104.42 | B16: =SUM(B2:B15) -> 3804.39 | C16: =SUM(C2:C15) -> 3546.92 | D16: =SUM(D2:D15) -> 3373.12 | E16: =SUM(E2:E15) -> 205 | F16: =SUM(F2:F15) -> 3792.22 | G16: =SUM(G2:G15) -> 4633 | H16: =SUM(A16:G16)+I8 -> 44543.08 | I16: OASys Value | K16: =SUM(K3:K15) -> 4178 | L16: =SUM(L3:L15) -> 52.5 | M16: =SUM(M3:M15) -> 5170 | N16: =SUM(N3:N15) -> 42.5 | O16: =SUM(O3:O15) -> 4454 | P16: =SUM(P3:P15) -> 773.2 | Q16: =SUM(Q3:Q15) -> 3208 | R16: =SUM(R3:R15) -> 245.5 | ... X16: =SUM(X3:X15) -> 50 | Y16: =K17+M17+O17+Q17+S17+U17+W17 -> 27948
A17: 4104.42 | B17: 3804.39 | C17: 3546.92 | D17: 3373.12 | E17: 205 | F17: 3792.22 | G17: 4633 | H17: =SUM(A17:G17)+I8 -> 44543.08 | I17: Payroll Value | K17: 4178 | L17: 52 | M17: 5170 | N17: 42.5 | O17: 4454 | P17: 773.2 | Q17: 3208 | R17: 245.5 | S17: 862 | T17: 0 | U17: 5282 | V17: 320 | W17: 4794 | X17: 50 | Y17: =L17+N17+P17+R17+T17+V17+X17 -> 1483.2
A18: =A16-A17 -> 0 | B18: =B16-B17 -> 0 | C18: =C16-C17 -> 0 | D18: =D16-D17 -> 0 | E18: =E16-E17 -> 0 | F18: =F16-F17 -> 0 | G18: =G16-G17 -> 0 | K18: =K16-K17 -> 0 | L18: =L16-L17 -> 0.5 | M18: =M16-M17 -> 0 | N18: =N16-N17 -> 0 | O18: =O16-O17 -> 0 | P18: =P16-P17 -> 0 | Q18: =Q16-Q17 -> 0 | R18: =R16-R17 -> 0 | ... X18: =X16-X17 -> 0
A20: 45175 | B20: 45176 | C20: 45177 | D20: 45178 | E20: 45179 | F20: 45180 | G20: 45181 | I20: Registers | K20: 45175 | M20: 45176 | O20: 45177 | Q20: 45178 | S20: 45179 | U20: 45180 | W20: 45181
A21: 905 | B21: 985 | C21: 1265 | D21: 645 | E21: 85 | F21: 995 | G21: 715 | I21: 4005.15 | K21: Jobsheets | L21: Cash Vouchers | M21: Jobsheets | N21: Cash Vouchers | O21: Jobsheets | P21: Cash Vouchers | Q21: Jobsheets | R21: Cash Vouchers | S21: Jobsheets | T21: Cash Vouchers | U21: Jobsheets | V21: Cash Vouchers | W21: Jobsheets | X21: Cash Vouchers
A22: 2868 | B22: 2723 | C22: 2453 | D22: 3129.24 | E22: 120 | F22: 3098.06 | G22: 2774.93 | I22: 3948.5 | K22: 1410 | L22: 120 | M22: 1370 | N22: 52.5 | O22: 1060 | P22: 180 | Q22: 940 | R22: 10 | S22: 480 | T22: 1340 | U22: 42.5 | W22: 1540 | X22: 120
A23: 565 | B23: 1075 | C23: 610 | D23: 735 | F23: 820 | G23: 805 | I23: 1341.47 | K23: 1600 | L23: 26 | M23: 1550 | N23: 60 | O23: 2640 | P23: 980 | Q23: 1270 | R23: 35 | S23: 170 | T23: 2050 | U23: 372 | W23: 1680 | X23: 24
I24: 5922.75 | K24: 1070 | L24: 42.5 | M24: 1320 | N24: 24 | O24: 700 | Q24: 300 | R24: 200 | S24: 140 | T24: 910 | W24: 1320 | X24: 116
I25: 4745 | K25: 222 | M25: 300 | O25: 144 | Q25: 228 | S25: 72 | T25: 300 | W25: 300
K26: 48 | M26: 72 | Q26: 96 | W26: 96
I27: =SUM(I21:I26) -> 19962.87
Y28: =SUM(Y21:Y26) -> 0
A35: =SUM(A21:A34) -> 4338 | B35: =SUM(B21:B34) -> 4783 | C35: =SUM(C21:C34) -> 4328 | D35: =SUM(D21:D34) -> 4509.24 | E35: =SUM(E21:E34) -> 205 | F35: =SUM(F21:F34) -> 4913.06 | G35: =SUM(G21:G34) -> 4294.93 | H35: =SUM(A35:G35)+I27 -> 47334.1 | I35: OASys Value | K35: =SUM(K22:K34) -> 4350 | L35: =SUM(L22:L34) -> 188.5 | M35: =SUM(M22:M34) -> 4612 | N35: =SUM(N22:N34) -> 136.5 | O35: =SUM(O22:O34) -> 4544 | P35: =SUM(P22:P34) -> 1160 | Q35: =SUM(Q22:Q34) -> 2834 | R35: =SUM(R22:R34) -> 245 | ... X35: =SUM(X22:X34) -> 260 | Y35: =K36+M36+O36+Q36+S36+U36+W36 -> 22552.5
A36: 4338 | B36: 4783 | C36: 4328 | D36: 4509.24 | E36: 205 | F36: 4913.06 | G36: 4294.93 | H36: =SUM(A36:G36)+I27 -> 47334.1 | I36: Payroll Value | K36: 4350 | L36: 188.5 | M36: 4612 | N36: 136.5 | O36: 4544 | P36: 1160 | Q36: 2834 | R36: 245 | S36: 862 | T36: 4600 | U36: 414.5 | W36: 4936 | X36: 260 | Y36: =L36+N36+P36+R36+T36+V36+X36 -> 6590
A37: =A35-A36 -> 0 | B37: =B35-B36 -> 0 | C37: =C35-C36 -> 0 | D37: =D35-D36 -> 0 | E37: =E35-E36 -> 0 | F37: =F35-F36 -> 0 | G37: =G35-G36 -> 0 | K37: =K35-K36 -> 0 | L37: =L35-L36 -> 0 | M37: =M35-M36 -> 0 | N37: =N35-N36 -> 0 | O37: =O35-O36 -> 0 | P37: =P35-P36 -> 0 | Q37: =Q35-Q36 -> 0 | R37: =R35-R36 -> 0 | S37: 0 | T37: =T35-T36 -> 0 | U37: =U35-U36 -> 0 | V37: =V35-V36 -> 0 | W37: =W35-W36 -> 0 | X37: =X35-X36 -> 0
A39: 45182 | B39: 45183 | C39: 45184 | D39: 45185 | E39: 45186 | F39: 45187 | G39: 45188 | I39: Registers | K39: 45182 | M39: 45183 | O39: 45184 | Q39: 45185 | S39: 45186 | U39: 45187 | W39: 45188
A40: 820 | B40: 705 | C40: 645 | D40: 475 | E40: 85 | F40: 655 | G40: 580 | I40: 5922.75 | K40: Jobsheets | L40: Cash Vouchers | M40: Jobsheets | N40: Cash Vouchers | O40: Jobsheets | P40: Cash Vouchers | Q40: Jobsheets | R40: Cash Vouchers | S40: Jobsheets | T40: Cash Vouchers | U40: Jobsheets | V40: Cash Vouchers | W40: Jobsheets | X40: Cash Vouchers
A41: 2729.96 | B41: 2889.96 | C41: 2307.46 | D41: 2177.76 | E41: 85 | F41: 2797.49 | G41: 2948 | I41: 5710 | K41: 1460 | L41: 1960 | M41: 1560 | N41: 232.5 | O41: 1590 | P41: 15 | Q41: 1080 | R41: 2580 | S41: 480 | U41: 1620 | V41: 60 | W41: 1670 | X41: 118
A42: 900 | B42: 1045 | C42: 765 | D42: 825 | F42: 1080 | G42: 1185 | I42: 5289.97 | K42: 1270 | L42: 37.5 | M42: 1465 | N42: 60 | O42: 2275 | P42: 20 | Q42: 1020 | R42: 76 | S42: 170 | U42: 2190 | W42: 1605
I43: 4005.15 | K43: 800 | L43: 349 | M43: 795 | O43: 935 | P43: 15 | Q43: 170 | S43: 170 | U43: 760 | W43: 170
I44: 1262.16 | K44: 246 | M44: 300 | O44: 144 | Q44: 228 | S44: 72 | U44: 300 | W44: 855
M45: 72 | O45: 24 | Q45: 72 | W45: 396
I46: =SUM(I40:I45) -> 22190.03
Y47: =SUM(Y40:Y45) -> 0
A54: =SUM(A40:A53) -> 4449.96 | B54: =SUM(B40:B53) -> 4639.96 | C54: =SUM(C40:C53) -> 3717.46 | D54: =SUM(D40:D53) -> 3477.76 | E54: =SUM(E40:E53) -> 170 | F54: =SUM(F40:F53) -> 4532.49 | G54: =SUM(G40:G53) -> 4713 | H54: =SUM(A54:G54)+I46 -> 47890.66 | I54: OASys Value | K54: =SUM(K41:K53) -> 3776 | L54: =SUM(L41:L53) -> 2346.5 | M54: =SUM(M41:M53) -> 4192 | N54: =SUM(N41:N53) -> 292.5 | O54: =SUM(O41:O53) -> 4968 | P54: =SUM(P41:P53) -> 50 | Q54: =SUM(Q41:Q53) -> 2570 | R54: =SUM(R41:R53) -> 2656 | ... X54: =SUM(X41:X53) -> 118 | Y54: =K55+M55+O55+Q55+S55+U55+W55 -> 25964
A55: 4449.96 | B55: 4639.96 | C55: 3717.46 | D55: 3477.76 | E55: 170 | F55: 4532.49 | G55: 4713 | H55: =SUM(A55:G55)+I46 -> 47890.66 | I55: Payroll Value | K55: 3776 | L55: 2346.5 | M55: 4192 | N55: 292.5 | O55: 4968 | P55: 50 | Q55: 2570 | R55: 2656 | S55: 892 | T55: 0 | U55: 4870 | V55: 60 | W55: 4696 | X55: 118 | Y55: =L55+N55+P55+R55+T55+V55+X55 -> 5523
A56: =A54-A55 -> 0 | B56: =B54-B55 -> 0 | C56: =C54-C55 -> 0 | D56: =D54-D55 -> 0 | E56: =E54-E55 -> 0 | F56: =F54-F55 -> 0 | G56: =G54-G55 -> 0 | K56: =K54-K55 -> 0 | L56: =L54-L55 -> 0 | M56: =M54-M55 -> 0 | N56: =N54-N55 -> 0 | O56: =O54-O55 -> 0 | P56: =P54-P55 -> 0 | Q56: =Q54-Q55 -> 0 | R56: =R54-R55 -> 0 | ... X56: =X54-X55 -> 0
A58: 45189 | B58: 45190 | C58: 45191 | D58: 45192 | E58: 45193 | F58: 45194 | G58: 45195 | I58: Registers | K58: 45189 | M58: 45190 | O58: 45191 | Q58: 45192 | S58: 45193 | U58: 45194 | W58: 45195
A59: 770 | B59: 735 | C59: 785 | D59: 85 | E59: 620 | F59: 435 | G59: 790 | I59: 5527.9 | K59: Jobsheets | L59: Cash Vouchers | M59: Jobsheets | N59: Cash Vouchers | O59: Jobsheets | P59: Cash Vouchers | Q59: Jobsheets | R59: Cash Vouchers | S59: Jobsheets | T59: Cash Vouchers | U59: Jobsheets | V59: Cash Vouchers | W59: Jobsheets | X59: Cash Vouchers
A60: 1977.49 | B60: 2405.62 | C60: 2813.09 | D60: 265 | E60: 240 | F60: 565 | G60: 2543.12 | I60: 5042.5 | K60: 1530 | L60: 1680 | M60: 1580 | N60: 382.5 | O60: 1610 | P60: 50 | Q60: 1110 | R60: 50 | S60: 480 | T60: 500 | U60: 1020 | V60: 35 | W60: 2120 | X60: 60
A61: 730 | B61: 1525 | C61: 630 | D61: 2829.84 | F61: 655 | G61: 1255 | I61: 4005.15 | K61: 2060 | L61: 27.5 | M61: 1785 | N61: 166.5 | O61: 2000 | Q61: 1470 | R61: 60 | S61: 1020 | T61: 20 | U61: 1270 | V61: 60 | W61: 2425 | X61: 110
D62: 705 | I62: 3948.5 | K62: 700 | M62: 1245 | N62: 200 | O62: 530 | Q62: 240 | R62: 480 | S62: 140 | U62: 120 | W62: 1195 | X62: 100
I63: 1657.01 | K63: 222 | M63: 300 | O63: 144 | Q63: 228 | S63: 72 | U63: 228 | W63: 396
I64: 1092.28 | M64: 122 | O64: 24 | Q64: 96 | U64: 26 | W64: 72
I65: =SUM(I59:I64) -> 21273.34
Y66: =SUM(Y59:Y64) -> 0
A73: =SUM(A59:A72) -> 3477.49 | B73: =SUM(B59:B72) -> 4665.62 | C73: =SUM(C59:C72) -> 4228.09 | D73: =SUM(D59:D72) -> 3884.84 | E73: =SUM(E59:E72) -> 860 | F73: =SUM(F59:F72) -> 1655 | G73: =SUM(G59:G72) -> 4588.12 | H73: =SUM(A73:G73)+I65 -> 44632.5 | I73: OASys Value | K73: =SUM(K60:K72) -> 4512 | L73: =SUM(L60:L72) -> 1707.5 | M73: =SUM(M60:M72) -> 5032 | N73: =SUM(N60:N72) -> 749 | O73: =SUM(O60:O72) -> 4308 | P73: =SUM(P60:P72) -> 50 | Q73: =SUM(Q60:Q72) -> 3144 | R73: =SUM(R60:R72) -> 590 | ... X73: =SUM(X60:X72) -> 270 | Y73: =K74+M74+O74+Q74+S74+U74+W74 -> 27580
A74: 3477.49 | B74: 4665.62 | C74: 4228.09 | D74: 3884.84 | E74: 860 | F74: 1655 | G74: 4588.12 | H74: =SUM(A74:G74)+I65 -> 44632.5 | I74: Payroll Value | K74: 4512 | L74: 1707.5 | M74: 5032 | N74: 749 | O74: 4308 | P74: 50 | Q74: 3144 | R74: 590 | S74: 1712 | T74: 520 | U74: 2664 | V74: 95 | W74: 6208 | X74: 270 | Y74: =L74+N74+P74+R74+T74+V74+X74 -> 3981.5
A75: =A73-A74 -> 0 | B75: =B73-B74 -> 0 | C75: =C73-C74 -> 0 | D75: =D73-D74 -> 0 | E75: =E73-E74 -> 0 | F75: =F73-F74 -> 0 | G75: =G73-G74 -> 0 | K75: =K73-K74 -> 0 | L75: =L73-L74 -> 0 | M75: =M73-M74 -> 0 | N75: =N73-N74 -> 0 | O75: =O73-O74 -> 0 | P75: =P73-P74 -> 0 | Q75: =Q73-Q74 -> 0 | R75: =R73-R74 -> 0 | ... X75: =X73-X74 -> 0
A77: 45196 | B77: 45197 | C77: 45198 | D77: 45199 | E77: 45200 | F77: 45201 | G77: 45202 | I77: Registers | K77: 45196 | M77: 45197 | O77: 45198 | Q77: 45199 | S77: 45200 | U77: 45201 | W77: 45202
A78: 935 | B78: 1150 | C78: 1150 | D78: 385 | E78: 240 | F78: 55 | G78: 1424.39 | I78: 5135 | K78: Jobsheets | L78: Cash Vouchers | M78: Jobsheets | N78: Cash Vouchers | O78: Jobsheets | P78: Cash Vouchers | Q78: Jobsheets | R78: Cash Vouchers | S78: Jobsheets | T78: Cash Vouchers | U78: Jobsheets | V78: Cash Vouchers | W78: Jobsheets | X78: Cash Vouchers
A79: 2379.99 | B79: 2608.12 | C79: 2488.06 | D79: 1965.65 | F79: 365 | G79: 1675 | I79: 5922.75 | K79: 1450 | L79: 60 | M79: 1330 | N79: 594 | O79: 1380 | P79: 60 | Q79: 1080 | R79: 50 | S79: 480 | U79: 675 | V79: 167.5 | W79: 480 | X79: 35
A80: 1060 | B80: 925 | C80: 945 | D80: 825 | F80: 940 | G80: 872.5 | I80: 3948.5 | K80: 1420 | L80: 42.5 | M80: 1660 | N80: 335 | O80: 2305 | P80: 35 | Q80: 880 | S80: 210 | U80: 3795 | W80: 2835 | X80: 102.9
F81: 615 | I81: 1341.47 | K81: 510 | M81: 1120 | O81: 255 | Q81: 130 | S81: 48 | U81: 300 | W81: 835 | X81: 24
F82: 1462.52 | I82: 4005.15 | K82: 280 | M82: 300 | O82: 156 | Q82: 350 | U82: 540 | W82: 372 | X82: 382.5
I83: 461.2 | K83: 222 | M83: 120 | U83: 26 | W83: 26
I84: =SUM(I78:I83) -> 20814.07 | K84: 24
A92: =SUM(A78:A91) -> 4374.99 | B92: =SUM(B78:B91) -> 4683.12 | C92: =SUM(C78:C91) -> 4583.06 | D92: =SUM(D78:D91) -> 3175.65 | E92: =SUM(E78:E91) -> 240 | F92: =SUM(F78:F91) -> 3437.52 | G92: =SUM(G78:G91) -> 3971.89 | H92: =SUM(A92:G92)+I84 -> 45280.3 | I92: OASys Value | K92: =SUM(K79:K91) -> 3906 | L92: =SUM(L79:L91) -> 102.5 | M92: =SUM(M79:M91) -> 4530 | N92: =SUM(N79:N91) -> 929 | O92: =SUM(O79:O91) -> 4096 | P92: =SUM(P79:P91) -> 95 | Q92: =SUM(Q79:Q91) -> 2440 | R92: =SUM(R79:R91) -> 50 | ... X92: =SUM(X79:X91) -> 544.4
A93: 4374.99 | B93: 4683.12 | C93: 4583.06 | D93: 3175.65 | E93: 240 | F93: 3437.52 | G93: 3971.89 | H93: =SUM(A93:G93)+I84 -> 45280.3 | I93: Payroll Value | K93: 3906 | L93: 102.5 | M93: 4530 | N93: 929 | O93: 4096 | P93: 95 | Q93: 2440 | R93: 50 | S93: 738 | T93: 0 | U93: 5336 | V93: 167.5 | W93: 4548 | X93: 544.4
A94: =A92-A93 -> 0 | B94: =B92-B93 -> 0 | C94: =C92-C93 -> 0 | D94: =D92-D93 -> 0 | E94: =E92-E93 -> 0 | F94: =F92-F93 -> 0 | G94: =G92-G93 -> 0 | K94: =K92-K93 -> 0 | L94: =L92-L93 -> 0 | M94: =M92-M93 -> 0 | N94: =N92-N93 -> 0 | O94: =O92-O93 -> 0 | P94: =P92-P93 -> 0 | Q94: =Q92-Q93 -> 0 | R94: =R92-R93 -> 0 | ... X94: =X92-X93 -> 0

Sheet Sheet3

Sheet October 2023
A1: 45203 | B1: 45204 | C1: 45205 | D1: 45206 | E1: 45207 | F1: 45208 | G1: 45209 | I1: Registers | K1: 45203 | M1: 45204 | O1: 45205 | Q1: 45206 | S1: 45207 | U1: 45208 | W1: 45209
A2: 1462.52 | B2: 2300 | C2: 1444.39 | D2: 1493.4 | E2: 325 | F2: 1274.39 | G2: 710 | I2: 631.08 | K2: Jobsheets | L2: Cash Vouchers | M2: Jobsheets | N2: Cash Vouchers | O2: Jobsheets | P2: Cash Vouchers | Q2: Jobsheets | R2: Cash Vouchers | S2: Jobsheets | T2: Cash Vouchers | U2: Jobsheets | V2: Cash Vouchers | W2: Jobsheets | X2: Cash Vouchers
A3: 1675 | B3: 975 | C3: 1470 | D3: 950 | F3: 2245 | G3: 1490 | I3: 4005.15 | K3: 360 | L3: 204 | M3: 830 | N3: 57.5 | O3: 480 | P3: 180 | Q3: 120 | R3: 2220 | S3: 690 | T3: 10 | U3: 600 | V3: 24 | W3: 500 | X3: 35
A4: 847.5 | B4: 1231.92 | C4: 465 | D4: 680 | F4: 910 | G4: 2013 | I4: 5289.97 | K4: 2575 | L4: 10 | M4: 26 | N4: 10 | O4: 2795 | P4: 50 | Q4: 2660 | R4: 50 | S4: 72 | U4: 3445 | V4: 36 | W4: 2715
I5: 5525 | K5: 222 | M5: 2640 | O5: 144 | Q5: 420 | R5: 200 | U5: 565 | W5: 420
I6: 5922.75 | K6: 655 | M6: 372 | O6: 945 | Q6: 390 | U6: 300 | W6: 805
K7: 24 | M7: 740 | Q7: 24 | W7: 24
I8: =SUM(I2:I7) -> 21373.95
A16: =SUM(A2:A15) -> 3985.02 | B16: =SUM(B2:B15) -> 4506.92 | C16: =SUM(C2:C15) -> 3379.39 | D16: =SUM(D2:D15) -> 3123.4 | E16: =SUM(E2:E15) -> 325 | F16: =SUM(F2:F15) -> 4429.39 | G16: =SUM(G2:G15) -> 4213 | H16: =SUM(A16:G16)+I8 -> 45336.07 | I16: OASys Value | K16: =SUM(K3:K15) -> 3836 | L16: =SUM(L3:L15) -> 214 | M16: =SUM(M3:M15) -> 4608 | N16: =SUM(N3:N15) -> 67.5 | O16: =SUM(O3:O15) -> 4364 | P16: =SUM(P3:P15) -> 230 | Q16: =SUM(Q3:Q15) -> 3614 | R16: =SUM(R3:R15) -> 2470 | ... X16: =SUM(X3:X15) -> 35
A17: 3985.02 | B17: 4506.92 | C17: 3379.39 | D17: 3123.4 | E17: 325 | F17: 4429.39 | G17: 4213 | H17: =SUM(A17:G17)+I8 -> 45336.07 | I17: Payroll Value | K17: 3836 | L17: 214 | M17: 4608 | N17: 67.5 | O17: 4364 | P17: 230 | Q17: 3614 | R17: 2470 | S17: 762 | T17: 10 | U17: 4910 | V17: 60 | W17: 4464 | X17: 35
A18: =A16-A17 -> 0 | B18: =B16-B17 -> 0 | C18: =C16-C17 -> 0 | D18: =D16-D17 -> 0 | E18: =E16-E17 -> 0 | F18: =F16-F17 -> 0 | G18: =G16-G17 -> 0 | K18: =K16-K17 -> 0 | L18: =L16-L17 -> 0 | M18: =M16-M17 -> 0 | N18: =N16-N17 -> 0 | O18: =O16-O17 -> 0 | P18: =P16-P17 -> 0 | Q18: =Q16-Q17 -> 0 | R18: =R16-R17 -> 0 | ... X18: =X16-X17 -> 0
A20: 45210 | B20: 45211 | C20: 45212 | D20: 45213 | E20: 45214 | F20: 45215 | G20: 45216 | I20: Registers | K20: 45210 | M20: 45211 | O20: 45212 | Q20: 45213 | S20: 45214 | U20: 45215 | W20: 45216
A21: 1349.39 | B21: 1693.12 | C21: 1674.93 | D21: 500 | E21: 240 | F21: 710 | G21: 1412.16 | I21: 5922.75 | K21: Jobsheets | L21: Cash Vouchers | M21: Jobsheets | N21: Cash Vouchers | O21: Jobsheets | P21: Cash Vouchers | Q21: Jobsheets | R21: Cash Vouchers | S21: Jobsheets | T21: Cash Vouchers | U21: Jobsheets | V21: Cash Vouchers | W21: Jobsheets | X21: Cash Vouchers
A22: 2075 | B22: 1655 | C22: 1455 | D22: 1035 | F22: 1760 | G22: 2030 | I22: 5607.5 | K22: 800 | L22: 79.5 | M22: 480 | N22: 60 | O22: 515 | P22: 840 | Q22: 300 | R22: 30 | S22: 760 | U22: 840 | V22: 50 | W22: 430 | X22: 62.5
A23: 802.5 | B23: 855 | C23: 640 | F23: 1608.06 | G23: 825 | I23: 5605.51 | K23: 1935 | M23: 3285 | N23: 95 | O23: 2835 | P23: 50 | Q23: 440 | R23: 382.5 | S23: 72 | U23: 3080 | V23: 60 | W23: 2800
C24: 276.13 | I24: 4005.15 | K24: 222 | M24: 444 | O24: 540 | Q24: 1760 | R24: 960 | U24: 800 | W24: 372
I25: 230.6 | K25: 585 | M25: 715 | O25: 144 | U25: 300 | W25: 730
I26: 740 | K26: 24 | M26: 24 | W26: 24
I27: =SUM(I21:I26) -> 22111.51
Y28: =SUM(Y21:Y26) -> 0
A35: =SUM(A21:A34) -> 4226.89 | B35: =SUM(B21:B34) -> 4203.12 | C35: =SUM(C21:C34) -> 4046.06 | D35: =SUM(D21:D34) -> 1535 | E35: =SUM(E21:E34) -> 240 | F35: =SUM(F21:F34) -> 4078.06 | G35: =SUM(G21:G34) -> 4267.16 | H35: =SUM(A35:G35)+I27 -> 44707.8 | I35: OASys Value | K35: =SUM(K22:K34) -> 3566 | L35: =SUM(L22:L34) -> 79.5 | M35: =SUM(M22:M34) -> 4948 | N35: =SUM(N22:N34) -> 155 | O35: =SUM(O22:O34) -> 4034 | P35: =SUM(P22:P34) -> 890 | Q35: =SUM(Q22:Q34) -> 2500 | R35: =SUM(R22:R34) -> 1372.5 | ... X35: =SUM(X22:X34) -> 62.5 | Y35: =K36+M36+O36+Q36+S36+U36+W36 -> 25256
A36: 4226.89 | B36: 4203.12 | C36: 4046.06 | D36: 1535 | E36: 240 | F36: 4078.06 | G36: 4267.16 | H36: =SUM(A36:G36)+I27 -> 44707.8 | I36: Payroll Value | K36: 3566 | L36: 79.5 | M36: 4948 | N36: 155 | O36: 4034 | P36: 890 | Q36: 2500 | R36: 1372.5 | S36: 832 | T36: 0 | U36: 5020 | V36: 110 | W36: 4356 | X36: 62.5 | Y36: =L36+N36+P36+R36+T36+V36+X36 -> 2669.5
A37: =A35-A36 -> 0 | B37: =B35-B36 -> 0 | C37: =C35-C36 -> 0 | D37: =D35-D36 -> 0 | E37: =E35-E36 -> 0 | F37: =F35-F36 -> 0 | G37: =G35-G36 -> 0 | K37: =K35-K36 -> 0 | L37: =L35-L36 -> 0 | M37: =M35-M36 -> 0 | N37: =N35-N36 -> 0 | O37: =O35-O36 -> 0 | P37: =P35-P36 -> 0 | Q37: =Q35-Q36 -> 0 | R37: =R35-R36 -> 0 | ... X37: =X35-X36 -> 0
A39: 45217 | B39: 45218 | C39: 45219 | D39: 45220 | E39: 45221 | F39: 45222 | G39: 45223 | I39: Registers | K39: 45217 | M39: 45218 | O39: 45219 | Q39: 45220 | S39: 45221 | U39: 45222 | W39: 45223
A40: 1693 | B40: 790 | C40: 1608.06 | D40: 1954.6 | E40: 240 | F40: 750 | G40: 1179.39 | I40: 4785 | K40: Jobsheets | L40: Cash Vouchers | M40: Jobsheets | N40: Cash Vouchers | O40: Jobsheets | P40: Cash Vouchers | Q40: Jobsheets | R40: Cash Vouchers | S40: Jobsheets | T40: Cash Vouchers | U40: Jobsheets | V40: Cash Vouchers | W40: Jobsheets | X40: Cash Vouchers
A41: 1710 | B41: 1693 | C41: 1725 | D41: 1715 | F41: 2115 | G41: 2090 | I41: 5922.75 | K41: 620 | L41: 840 | M41: 372 | N41: 96.5 | O41: 850 | P41: 850 | Q41: 2020 | R41: 50 | S41: 760 | T41: 0 | U41: 540 | V41: 35 | W41: 660 | X41: 60
A42: 750 | B42: 2625 | C42: 595 | D42: 680 | F42: 1377.46 | G42: 345 | I42: 5289.97 | K42: 2650 | L42: 27.5 | M42: 2540 | N42: 850 | O42: 2825 | P42: 42.5 | Q42: 300 | S42: 72 | U42: 3565 | V42: 60 | W42: 2575 | X42: 110
I43: 4005.15 | K43: 222 | M43: 710 | N43: 60 | O43: 144 | Q43: 390 | U43: 324 | W43: 434
I44: 230.6 | K44: 590 | M44: 24 | O44: 885 | Q44: 24 | U44: 625 | W44: 945
K45: 24 | M45: 840 | W45: 24
I46: =SUM(I40:I45) -> 20233.47
Y47: =SUM(Y40:Y45) -> 0
A54: =SUM(A40:A53) -> 4153 | B54: =SUM(B40:B53) -> 5108 | C54: =SUM(C40:C53) -> 3928.06 | D54: =SUM(D40:D53) -> 4349.6 | E54: =SUM(E40:E53) -> 240 | F54: =SUM(F40:F53) -> 4242.46 | G54: =SUM(G40:G53) -> 3614.39 | H54: =SUM(A54:G54)+I46 -> 45868.98 | I54: OASys Value | K54: =SUM(K41:K53) -> 4106 | L54: =SUM(L41:L53) -> 867.5 | M54: =SUM(M41:M53) -> 4486 | N54: =SUM(N41:N53) -> 1006.5 | O54: =SUM(O41:O53) -> 4704 | P54: =SUM(P41:P53) -> 892.5 | Q54: =SUM(Q41:Q53) -> 2734 | R54: =SUM(R41:R53) -> 50 | ... X54: =SUM(X41:X53) -> 170 | Y54: =K55+M55+O55+Q55+S55+U55+W55 -> 26554
A55: 4153 | B55: 5108 | C55: 3928.06 | D55: 4349.6 | E55: 240 | F55: 4242.46 | G55: 3614.39 | H55: =SUM(A55:G55)+I46 -> 45868.98 | I55: Payroll Value | K55: 4106 | L55: 867.5 | M55: 4486 | N55: 1006.5 | O55: 4704 | P55: 892.5 | Q55: 2734 | R55: 50 | S55: 832 | T55: 0 | U55: 5054 | V55: 95 | W55: 4638 | X55: 170 | Y55: =L55+N55+P55+R55+T55+V55+X55 -> 3081.5
A56: =A54-A55 -> 0 | B56: =B54-B55 -> 0 | C56: =C54-C55 -> 0 | D56: =D54-D55 -> 0 | E56: =E54-E55 -> 0 | F56: =F54-F55 -> 0 | G56: =G54-G55 -> 0 | K56: =K54-K55 -> 0 | L56: =L54-L55 -> 0 | M56: =M54-M55 -> 0 | N56: =N54-N55 -> 0 | O56: =O54-O55 -> 0 | P56: =P54-P55 -> 0 | Q56: =Q54-Q55 -> 0 | R56: =R54-R55 -> 0 | ... X56: =X54-X55 -> 0
A58: 44859 | B58: 44860 | C58: 44861 | D58: 44862 | E58: 44863 | F58: 44864 | G58: 2022/1031 | I58: Registers | K58: 45224 | M58: 45225 | O58: 45226 | Q58: 45227 | S58: 45228 | U58: 45229 | W58: 45230
A59: 1382.52 | B59: 1758.06 | C59: 1608.06 | D59: 1328.98 | E59: 360 | F59: 1052.5 | G59: 645 | I59: 230.6 | K59: Jobsheets | L59: Cash Vouchers | M59: Jobsheets | N59: Cash Vouchers | O59: Jobsheets | P59: Cash Vouchers | Q59: Jobsheets | R59: Cash Vouchers | S59: Jobsheets | T59: Cash Vouchers | U59: Jobsheets | V59: Cash Vouchers | W59: Jobsheets | X59: Cash Vouchers
A60: 1695 | B60: 1475 | C60: 1730 | D60: 1455 | F60: 1775 | G60: 2265 | I60: 4877.5 | K60: 832 | L60: 50 | M60: 600 | N60: 382.5 | O60: 924 | P60: 50 | Q60: 1350 | R60: 60 | S60: 660 | T60: 840 | U60: 22.5 | V60: 954 | W60: 30
A61: 420 | B61: 955 | C61: 810 | D61: 720 | F61: 1377.46 | G61: 1843.06 | I61: 5289.97 | K61: 2420 | L61: 300 | M61: 3040 | N61: 35 | O61: 2650 | P61: 565 | Q61: 420 | R61: 780 | S61: 72 | T61: 3590 | U61: 177 | V61: 2430
I62: 4005.15 | K62: 600 | L62: 60 | M62: 396 | N62: 170 | O62: 168 | P62: 1410 | Q62: 48 | T62: 324 | V62: 396
I63: 5922.75 | K63: 246 | M63: 770 | O63: 880 | Q63: 300 | T63: 680 | V63: 540
M64: 24
I65: =SUM(I59:I64) -> 20325.97
Y66: =SUM(Y59:Y64) -> 0
A73: =SUM(A59:A72) -> 3497.52 | B73: =SUM(B59:B72) -> 4188.06 | C73: =SUM(C59:C72) -> 4148.06 | D73: =SUM(D59:D72) -> 3503.98 | E73: =SUM(E59:E72) -> 360 | F73: =SUM(F59:F72) -> 4204.96 | G73: =SUM(G59:G72) -> 4753.06 | H73: =SUM(A73:G73)+I65 -> 44981.61 | I73: OASys Value | K73: =SUM(K60:K72) -> 4098 | L73: =SUM(L60:L72) -> 410 | M73: =SUM(M60:M72) -> 4830 | N73: =SUM(N60:N72) -> 587.5 | O73: =SUM(O60:O72) -> 4622 | P73: =SUM(P60:P72) -> 2025 | Q73: =SUM(Q60:Q72) -> 2118 | R73: =SUM(R60:R72) -> 840 | ... X73: =SUM(X60:X72) -> 0 | Y73: =K74+M74+O74+Q74+S74+U74+W74 -> 16629.5
A74: 3497.52 | B74: 4188.06 | C74: 4148.06 | D74: 3503.98 | E74: 360 | F74: 4204.96 | G74: 4753.06 | H74: =SUM(A74:G74)+I65 -> 44981.61 | I74: Payroll Value | K74: 4098 | L74: 410 | M74: 4830 | N74: 587.5 | O74: 4622 | P74: 2025 | Q74: 2118 | R74: 840 | S74: 732 | T74: 5434 | U74: 199.5 | V74: 4320 | W74: 30 | Y74: =L74+N74+P74+R74+T74+V74+X74 -> 13616.5
A75: =A73-A74 -> 0 | B75: =B73-B74 -> 0 | C75: =C73-C74 -> 0 | D75: =D73-D74 -> 0 | E75: =E73-E74 -> 0 | F75: =F73-F74 -> 0 | G75: =G73-G74 -> 0 | K75: =K73-K74 -> 0 | L75: =L73-L74 -> 0 | M75: =M73-M74 -> 0 | N75: =N73-N74 -> 0 | O75: =O73-O74 -> 0 | P75: =P73-P74 -> 0 | Q75: =Q73-Q74 -> 0 | R75: =R73-R74 -> 0 | ... X75: =X73-X74 -> 0
A77: 44951 | B77: 44952 | C77: 44953 | D77: 44954 | E77: 44955 | F77: 44956 | G77: 44957 | I77: Registers
I84: =SUM(I78:I83) -> 0
A92: =SUM(A78:A91) -> 0 | B92: =SUM(B78:B91) -> 0 | C92: =SUM(C78:C91) -> 0 | D92: =SUM(D78:D91) -> 0 | E92: =SUM(E78:E91) -> 0 | F92: =SUM(F78:F91) -> 0 | G92: =SUM(G78:G91) -> 0 | H92: =SUM(A92:G92)+I84 -> 0 | I92: OASys Value
H93: =SUM(A93:G93) -> 0 | I93: Payroll Value
A94: =A92-A93 -> 0 | B94: =B92-B93 -> 0 | C94: =C92-C93 -> 0 | D94: =D92-D93 -> 0 | E94: =E92-E93 -> 0 | F94: =F92-F93 -> 0 | G94: =G92-G93 -> 0

Sheet November 2023
A1: 45231 | B1: 45232 | C1: 45233 | D1: 45234 | E1: 45235 | F1: 45236 | G1: 45237 | I1: Registers | L1: 45231 | N1: 45232 | P1: 45233 | R1: 45234 | T1: 45235 | V1: 45236 | X1: 45237
A2: 1928.06 | B2: 1175 | C2: 1958.06 | D2: 1724 | E2: 240 | F2: 1377.46 | G2: 1843 | I2: 4590 | L2: Jobsheets | M2: Cash Vouchers | N2: Jobsheets | O2: Cash Vouchers | P2: Jobsheets | Q2: Cash Vouchers | R2: Jobsheets | S2: Cash Vouchers | T2: Jobsheets | U2: Cash Vouchers | V2: Jobsheets | W2: Cash Vouchers | X2: Jobsheets | Y2: Cash Vouchers
A3: 2165 | B3: 2690 | C3: 1845 | D3: 1250 | F3: 2135 | G3: 1540 | I3: 5922.75 | L3: 120 | M3: 28 | N3: 480 | O3: 42.5 | P3: 600 | Q3: 50 | R3: 1700 | S3: 1680 | T3: 760 | U3: 0 | V3: 960 | W3: 35 | X3: 600 | Y3: 382.5
A4: 975 | B4: 1608.06 | C4: 740 | D4: 830 | F4: 1160 | G4: 775 | I4: 3948.5 | L4: 2060 | M4: 385 | N4: 4315 | O4: 2220 | P4: 3385 | Q4: 223 | R4: 228 | S4: 50 | T4: 72 | V4: 4150 | W4: 550 | X4: 2755 | Y4: 60
I5: 1341.47 | L5: 246 | N5: 748 | O5: 30 | P5: 168 | R5: 260 | S5: 223.9 | V5: 396 | X5: 396 | Y5: 42.5
I6: 4005.15 | L6: 590 | N6: 396 | P6: 725 | R6: 24 | V6: 600 | X6: 955 | Y6: 226.2
L7: 24 | V7: 24 | X7: 50
I8: =SUM(I2:I7) -> 19807.87
Z9: =SUM(Z2:Z7) -> 0
A16: =SUM(A2:A15) -> 5068.06 | B16: =SUM(B2:B15) -> 5473.06 | C16: =SUM(C2:C15) -> 4543.06 | D16: =SUM(D2:D15) -> 3804 | E16: =SUM(E2:E15) -> 240 | F16: =SUM(F2:F15) -> 4672.46 | G16: =SUM(G2:G15) -> 4158 | H16: =SUM(A16:G16)+I8 -> 47766.51 | I16: OASys Value | L16: =SUM(L3:L15) -> 3040 | M16: =SUM(M3:M15) -> 413 | N16: =SUM(N3:N15) -> 5939 | O16: =SUM(O3:O15) -> 2292.5 | P16: =SUM(P3:P15) -> 4878 | Q16: =SUM(Q3:Q15) -> 273 | R16: =SUM(R3:R15) -> 2212 | S16: =SUM(S3:S15) -> 1953.9 | ... Y16: =SUM(Y3:Y15) -> 711.2 | Z16: =L17+N17+P17+R17+T17+V17+X17 -> 27787
A17: 5068.06 | B17: 5473.06 | C17: 4543.06 | D17: 3804 | E17: 240 | F17: 4672.46 | G17: 4158 | H17: =SUM(A17:G17)+I8 -> 47766.51 | I17: Payroll Value | L17: 3040 | M17: 413 | N17: 5939 | O17: 2292.5 | P17: 4878 | Q17: 273 | R17: 2212 | S17: 1953.9 | T17: 832 | U17: 0 | V17: 6130 | W17: 585 | X17: 4756 | Y17: 711.2 | Z17: =M17+O17+Q17+S17+U17+W17+Y17 -> 6228.6
A18: =A16-A17 -> 0 | B18: =B16-B17 -> 0 | C18: =C16-C17 -> 0 | D18: =D16-D17 -> 0 | E18: =E16-E17 -> 0 | F18: =F16-F17 -> 0 | G18: =G16-G17 -> 0 | L18: =L16-L17 -> 0 | M18: =M16-M17 -> 0 | N18: =N16-N17 -> 0 | O18: =O16-O17 -> 0 | P18: =P16-P17 -> 0 | Q18: =Q16-Q17 -> 0 | R18: =R16-R17 -> 0 | S18: =S16-S17 -> 0 | ... Y18: =Y16-Y17 -> 0
A20: 45238 | B20: 45239 | C20: 45240 | D20: 45241 | E20: 45242 | F20: 45243 | G20: 45244 | I20: Registers | L20: 45238 | N20: 45239 | P20: 45240 | R20: 45241 | T20: 45242 | V20: 45243 | X20: 45244
A21: 900 | B21: 1758.06 | C21: 1975 | D21: 1435 | E21: 325 | F21: 975 | G21: 895 | I21: 631.08 | L21: Jobsheets | M21: Cash Vouchers | N21: Jobsheets | O21: Cash Vouchers | P21: Jobsheets | Q21: Cash Vouchers | R21: Jobsheets | S21: Cash Vouchers | T21: Jobsheets | U21: Cash Vouchers | V21: Jobsheets | W21: Cash Vouchers | X21: Jobsheets | Y21: Cash Vouchers
A22: 1750 | B22: 1195 | C22: 1061.92 | D22: 400 | F22: 2410 | G22: 2220 | I22: 740 | L22: 520 | M22: 42.5 | N22: 720 | O22: 95 | P22: 480 | Q22: 52.5 | R22: 730 | S22: 35 | T22: 930 | U22: 0 | V22: 960 | W22: 35 | X22: 788 | Y22: 50
A23: 1749.93 | B23: 885 | C23: 1015 | F23: 1377.46 | G23: 1527.46 | I23: 4005.15 | L23: 2390 | M23: 1062.5 | N23: 2655 | P23: 3690 | Q23: 60 | R23: 2090 | S23: 360 | T23: 144 | V23: 3020 | W23: 501.9 | X23: 2520
I24: 5042.5 | L24: 480 | N24: 240 | P24: 372 | R24: 420 | V24: 324 | X24: 396
I25: 5289.97 | L25: 246 | N25: 825 | P25: 730 | R25: 24 | V25: 660 | X25: 960
I26: 5922.75 | L26: 24 | P26: 26 | V26: 26
I27: =SUM(I21:I26) -> 21631.45
Z28: =SUM(Z21:Z26) -> 0
A35: =SUM(A21:A34) -> 4399.93 | B35: =SUM(B21:B34) -> 3838.06 | C35: =SUM(C21:C34) -> 4051.92 | D35: =SUM(D21:D34) -> 1835 | E35: =SUM(E21:E34) -> 325 | F35: =SUM(F21:F34) -> 4762.46 | G35: =SUM(G21:G34) -> 4642.46 | H35: =SUM(A35:G35)+I27 -> 45486.28 | I35: OASys Value | L35: =SUM(L22:L34) -> 3660 | M35: =SUM(M22:M34) -> 1105 | N35: =SUM(N22:N34) -> 4440 | O35: =SUM(O22:O34) -> 95 | P35: =SUM(P22:P34) -> 5298 | Q35: =SUM(Q22:Q34) -> 112.5 | R35: =SUM(R22:R34) -> 3264 | S35: =SUM(S22:S34) -> 395 | ... Y35: =SUM(Y22:Y34) -> 50 | Z35: =L36+N36+P36+R36+T36+V36+X36 -> 27390
A36: 4399.93 | B36: 3838.06 | C36: 4051.92 | D36: 1835 | E36: 325 | F36: 4762.46 | G36: 4642.46 | H36: =SUM(A36:G36)+I27 -> 45486.28 | I36: Payroll Value | L36: 3660 | M36: 1105 | N36: 4440 | O36: 95 | P36: 5298 | Q36: 112.5 | R36: 3264 | S36: 395 | T36: 1074 | U36: 0 | V36: 4990 | W36: 536.9 | X36: 4664 | Y36: 50 | Z36: =M36+O36+Q36+S36+U36+W36+Y36 -> 2294.4
A37: =A35-A36 -> 0 | B37: =B35-B36 -> 0 | C37: =C35-C36 -> 0 | D37: =D35-D36 -> 0 | E37: =E35-E36 -> 0 | F37: =F35-F36 -> 0 | G37: =G35-G36 -> 0 | L37: =L35-L36 -> 0 | M37: =M35-M36 -> 0 | N37: =N35-N36 -> 0 | O37: =O35-O36 -> 0 | P37: =P35-P36 -> 0 | Q37: =Q35-Q36 -> 0 | R37: =R35-R36 -> 0 | S37: =S35-S36 -> 0 | ... Y37: =Y35-Y36 -> 0
A39: 45245 | B39: 45246 | C39: 45247 | D39: 45248 | E39: 45249 | F39: 45250 | G39: 45251 | I39: Registers | L39: 2023/11/015 | N39: 2023/11/016 | P39: 2023/11/017 | R39: 2023/11/018 | T39: 2023/11/019 | V39: 2023/11/020 | X39: 2023/11/021
A40: 1211.92 | B40: 585 | C40: 1707.46 | D40: 4611.95 | E40: 480 | F40: 1843 | G40: 1988.66 | I40: 4005.15 | L40: Jobsheets | M40: Cash Vouchers | N40: Jobsheets | O40: Cash Vouchers | P40: Jobsheets | Q40: Cash Vouchers | R40: Jobsheets | S40: Cash Vouchers | T40: Jobsheets | U40: Cash Vouchers | V40: Jobsheets | W40: Cash Vouchers | X40: Jobsheets | Y40: Cash Vouchers
A41: 2125 | B41: 2775 | C41: 2045 | D41: 1470 | F41: 2325 | G41: 2225 | I41: 461.2 | L41: 600 | M41: 35 | N41: 720 | O41: 165 | P41: 360 | Q41: 150 | R41: 240 | S41: 722.9 | T41: 540 | U41: 0 | V41: 960 | W41: 382.5 | X41: 720 | Y41: 62.5
A42: 700 | B42: 1104.39 | C42: 1062.5 | D42: 890 | F42: 670 | G42: 1360 | I42: 5922.75 | L42: 2695 | M42: 60 | N42: 2575 | P42: 2640 | Q42: 991 | R42: 72 | S42: 40 | T42: 72 | V42: 3105 | W42: 32.5 | X42: 2410
I43: 5289.97 | L43: 246 | N43: 396 | P43: 168 | Q43: 42.5 | R43: 1330 | S43: 578.9 | V43: 324 | X43: 396
I44: 1480 | L44: 685 | N44: 895 | P44: 720 | R44: 300 | V44: 865 | X44: 710
I45: 3552.5 | L45: 24 | N45: 24 | R45: 400 | V45: 24 | X45: 48
I46: =SUM(I40:I45) -> 20711.57 | R46: 24
Z47: =SUM(Z40:Z45) -> 0
A54: =SUM(A40:A53) -> 4036.92 | B54: =SUM(B40:B53) -> 4464.39 | C54: =SUM(C40:C53) -> 4814.96 | D54: =SUM(D40:D53) -> 6971.95 | E54: =SUM(E40:E53) -> 480 | F54: =SUM(F40:F53) -> 4838 | G54: =SUM(G40:G53) -> 5573.66 | H54: =SUM(A54:G54)+I46 -> 51891.45 | I54: OASys Value | L54: =SUM(L41:L53) -> 4250 | M54: =SUM(M41:M53) -> 95 | N54: =SUM(N41:N53) -> 4610 | O54: =SUM(O41:O53) -> 165 | P54: =SUM(P41:P53) -> 3888 | Q54: =SUM(Q41:Q53) -> 1183.5 | R54: =SUM(R41:R53) -> 2366 | S54: =SUM(S41:S53) -> 1341.8 | ... Y54: =SUM(Y41:Y53) -> 62.5 | Z54: =L55+N55+P55+R55+T55+V55+X55 -> 25288
A55: 4036.92 | B55: 4464.39 | C55: 4814.96 | D55: 6971.95 | E55: 480 | F55: 4838 | G55: 5573.66 | H55: =SUM(A55:G55)+I46 -> 51891.45 | I55: Payroll Value | L55: 4250 | M55: 95 | N55: 4610 | O55: 165 | P55: 3888 | Q55: 1183.5 | R55: 2366 | S55: 1341.8 | T55: 612 | U55: 0 | V55: 5278 | W55: 415 | X55: 4284 | Y55: 62.5 | Z55: =M55+O55+Q55+S55+U55+W55+Y55 -> 3262.8
A56: =A54-A55 -> 0 | B56: =B54-B55 -> 0 | C56: =C54-C55 -> 0 | D56: =D54-D55 -> 0 | E56: =E54-E55 -> 0 | F56: =F54-F55 -> 0 | G56: =G54-G55 -> 0 | L56: =L54-L55 -> 0 | M56: =M54-M55 -> 0 | N56: =N54-N55 -> 0 | O56: =O54-O55 -> 0 | P56: =P54-P55 -> 0 | Q56: =Q54-Q55 -> 0 | R56: =R54-R55 -> 0 | S56: =S54-S55 -> 0 | ... Y56: =Y54-Y55 -> 0
A58: 45252 | B58: 45253 | C58: 45254 | D58: 45255 | E58: 45256 | F58: 45257 | G58: 45258 | I58: Registers | L58: 2023/11/022 | N58: 2023/11/023 | P58: 2023/11/024 | R58: 2023/11/025 | T58: 2023/11/026 | V58: 2023/11/027 | X58: 2023/11/028
A59: 1650.59 | B59: 1838.66 | C59: 805 | D59: 725 | F59: 1285 | G59: 1988.66 | I59: 3948.5 | L59: Jobsheets | M59: Cash Vouchers | N59: Jobsheets | O59: Cash Vouchers | P59: Jobsheets | Q59: Cash Vouchers | R59: Jobsheets | S59: Cash Vouchers | T59: Jobsheets | U59: Cash Vouchers | V59: Jobsheets | W59: Cash Vouchers | X59: Jobsheets | Y59: Cash Vouchers
A60: 2190 | B60: 2615 | C60: 2030 | D60: 3295 | F60: 2125 | G60: 2610 | I60: 1341.47 | L60: 430 | M60: 24 | N60: 840 | O60: 60 | P60: 730 | Q60: 50 | R60: 3930 | S60: 35 | T60: 880 | U60: 0 | V60: 260 | W60: 42.5 | X60: 600 | Y60: 780
A61: 965 | B61: 1055 | C61: 1988.66 | F61: 1673.12 | G61: 590 | I61: 4005.15 | L61: 2130 | M61: 42.5 | N61: 2295 | O61: 62.5 | P61: 216 | Q61: 60 | R61: 668 | S61: 1980 | T61: 72 | V61: 4385 | W61: 60 | X61: 2505 | Y61: 42.5
G62: 120 | I62: 5922.75 | L62: 246 | M62: 1287.5 | N62: 396 | O62: 24 | P62: 3100 | Q62: 840 | R62: 410 | S62: 30 | V62: 324 | W62: 840 | X62: 396 | Y62: 124
I63: 4292.5 | L63: 540 | N63: 695 | P63: 480 | V63: 685 | X63: 905
L64: 24 | N64: 24
I65: =SUM(I59:I64) -> 19510.37
Z66: =SUM(Z59:Z64) -> 0
A73: =SUM(A59:A72) -> 4805.59 | B73: =SUM(B59:B72) -> 5508.66 | C73: =SUM(C59:C72) -> 4823.66 | D73: =SUM(D59:D72) -> 4020 | E73: =SUM(E59:E72) -> 0 | F73: =SUM(F59:F72) -> 5083.12 | G73: =SUM(G59:G72) -> 5308.66 | H73: =SUM(A73:G73)+I65 -> 49060.06 | I73: OASys Value | L73: =SUM(L60:L72) -> 3370 | M73: =SUM(M60:M72) -> 1354 | N73: =SUM(N60:N72) -> 4250 | O73: =SUM(O60:O72) -> 146.5 | P73: =SUM(P60:P72) -> 4526 | Q73: =SUM(Q60:Q72) -> 950 | R73: =SUM(R60:R72) -> 5008 | S73: =SUM(S60:S72) -> 2045 | ... Y73: =SUM(Y60:Y72) -> 946.5 | Z73: =L74+N74+P74+R74+T74+V74+X74 -> 28166
A74: 4805.59 | B74: 5508.66 | C74: 4823.66 | D74: 4020 | E74: 0 | F74: 5083.12 | G74: 5188.66 | H74: =SUM(A74:G74)+I65 -> 48940.06 | I74: Payroll Value | L74: 3370 | M74: 1354 | N74: 4250 | O74: 146.5 | P74: 4526 | Q74: 950 | R74: 5008 | S74: 2045 | T74: 952 | U74: 0 | V74: 5654 | W74: 942.5 | X74: 4406 | Y74: 946.5 | Z74: =M74+O74+Q74+S74+U74+W74+Y74 -> 6384.5
A75: =A73-A74 -> 0 | B75: =B73-B74 -> 0 | C75: =C73-C74 -> 0 | D75: =D73-D74 -> 0 | E75: =E73-E74 -> 0 | F75: =F73-F74 -> 0 | G75: =G73-G74 -> 120 | L75: =L73-L74 -> 0 | M75: =M73-M74 -> 0 | N75: =N73-N74 -> 0 | O75: =O73-O74 -> 0 | P75: =P73-P74 -> 0 | Q75: =Q73-Q74 -> 0 | R75: =R73-R74 -> 0 | S75: =S73-S74 -> 0 | ... Y75: =Y73-Y74 -> 0
A77: 45259 | B77: 45260 | C77: 45261 | D77: 45262 | E77: 45263 | F77: 45264 | G77: 45265 | I77: Registers | L77: 45259 | N77: 45260 | P77: 45261 | R77: 45262 | T77: 45263 | V77: 45264 | X77: 45265
A78: 1903.72 | B78: 1110 | C78: 2108.36 | D78: 1175 | E78: 735 | F78: 1988.66 | G78: 2116.07 | I78: 5922.75 | L78: Jobsheets | M78: Cash Vouchers | N78: Jobsheets | O78: Cash Vouchers | P78: Jobsheets | Q78: Cash Vouchers | R78: Jobsheets | S78: Cash Vouchers | T78: Jobsheets | U78: Cash Vouchers | V78: Jobsheets | W78: Cash Vouchers | X78: Jobsheets | Y78: Cash Vouchers
A79: 2250 | B79: 2265 | C79: 2230 | D79: 905 | F79: 2745 | G79: 2180 | I79: 5289.97 | L79: 665 | M79: 35 | N79: 48 | O79: 382.5 | P79: 480 | Q79: 1091.6 | R79: 2170 | S79: 50 | T79: 350 | U79: 0 | V79: 540 | W79: 60 | X79: 765 | Y79: 28
A80: 910 | B80: 1970.53 | C80: 725 | F80: 995 | G80: 992.5 | I80: 4005.15 | L80: 24 | N80: 945 | O80: 42.5 | P80: 3470 | Q80: 50 | R80: 370 | S80: 30 | T80: 84 | V80: 3305 | W80: 432.5 | X80: 2985 | Y80: 265.5
I81: 4292.5 | L81: 2745 | N81: 396 | P81: 180 | R81: 410 | V81: 336 | X81: 740 | Y81: 499.9
L82: 246 | N82: 3075 | P82: 930 | R82: 28 | V82: 695 | X82: 432
L83: 240 | N83: 480 | X83: 42
I84: =SUM(I78:I83) -> 19510.37
Z85: =SUM(Z78:Z83) -> 0
A92: =SUM(A78:A91) -> 5063.72 | B92: =SUM(B78:B91) -> 5345.53 | C92: =SUM(C78:C91) -> 5063.36 | D92: =SUM(D78:D91) -> 2080 | E92: =SUM(E78:E91) -> 735 | F92: =SUM(F78:F91) -> 5728.66 | G92: =SUM(G78:G91) -> 5288.57 | H92: =SUM(A92:G92)+I84 -> 48815.21 | I92: OASys Value | L92: =SUM(L79:L91) -> 3920 | M92: =SUM(M79:M91) -> 35 | N92: =SUM(N79:N91) -> 4944 | O92: =SUM(O79:O91) -> 425 | P92: =SUM(P79:P91) -> 5060 | Q92: =SUM(Q79:Q91) -> 1141.6 | R92: =SUM(R79:R91) -> 2978 | S92: =SUM(S79:S91) -> 80 | ... Y92: =SUM(Y79:Y91) -> 793.4 | Z92: =L93+N93+P93+R93+T93+V93+X93 -> 27176
A93: 5063.72 | B93: 5345.53 | C93: 5063.36 | D93: 2080 | E93: 735 | F93: 5848.66 | G93: 5288.57 | H93: =SUM(A93:G93)+I84 -> 48935.21 | I93: Payroll Value | L93: 3920 | M93: 35 | N93: 4944 | O93: 425 | P93: 5060 | Q93: 1141.6 | R93: 2978 | S93: 80 | T93: 434 | U93: 0 | V93: 4876 | W93: 492.5 | X93: 4964 | Y93: 793.4 | Z93: =M93+O93+Q93+S93+U93+W93+Y93 -> 2967.5
A94: =A92-A93 -> 0 | B94: =B92-B93 -> 0 | C94: =C92-C93 -> 0 | D94: =D92-D93 -> 0 | E94: =E92-E93 -> 0 | F94: =F92-F93 -> -120 | G94: =G92-G93 -> 0 | L94: =L92-L93 -> 0 | M94: =M92-M93 -> 0 | N94: =N92-N93 -> 0 | O94: 0 | P94: =P92-P93 -> 0 | Q94: =Q92-Q93 -> 0 | R94: =R92-R93 -> 0 | S94: =S92-S93 -> 0 | T94: =T92-T93 -> 0 | U94: =U92-U93 -> 0 | V94: =V92-V93 -> 0 | W94: =W92-W93 -> 0 | ... Y94: =Y92-Y93 -> 0

Sheet December 2023
A1: 45266 | B1: 45267 | C1: 45268 | D1: 45269 | E1: 45270 | F1: 45271 | G1: 45272 | I1: Registers | L1: 45266 | N1: 45267 | P1: 45268 | R1: 45269 | T1: 45270 | V1: 45271 | X1: 45272
A2: 2158.54 | B2: 1110 | C2: 2073.66 | D2: 3732.76 | E2: 580 | F2: 980 | G2: 1928 | I2: 4005.15 | L2: Jobsheets | M2: Cash Vouchers | N2: Jobsheets | O2: Cash Vouchers | P2: Jobsheets | Q2: Cash Vouchers | R2: Jobsheets | S2: Cash Vouchers | T2: Jobsheets | U2: Cash Vouchers | V2: Jobsheets | W2: Cash Vouchers | X2: Jobsheets | Y2: Cash Vouchers
A3: 2630 | B3: 3930 | C3: 2520 | D3: 1600 | F3: 2775 | G3: 2840 | I3: 3948.5 | L3: 480 | M3: 120 | N3: 620 | O3: 42.5 | P3: 540 | Q3: 102 | R3: 300 | S3: 1260 | T3: 480 | U3: 0 | V3: 520 | W3: 42.5 | X3: 560 | Y3: 180
A4: 910 | B4: 2073.6 | C4: 750 | D4: 785 | F4: 2013 | G4: 760 | I4: 1341.47 | L4: 2615 | M4: 95 | N4: 3345 | O4: 1860 | P4: 2660 | Q4: 50 | R4: 2440 | S4: 50 | T4: 84 | V4: 5320 | W4: 80 | X4: 4465 | Y4: 110
I5: 5922.75 | L5: 258 | M5: 148 | N5: 432 | O5: 20 | P5: 180 | Q5: 1668.6 | R5: 476 | S5: 280 | V5: 360 | X5: 432
I6: 4190 | L6: 645 | N6: 300 | P6: 910 | R6: 420 | V6: 360 | X6: 745
L7: 27 | R7: 52
I8: =SUM(I2:I7) -> 19407.87
Z9: =SUM(Z2:Z7) -> 0
A16: =SUM(A2:A15) -> 5698.54 | B16: =SUM(B2:B15) -> 7113.6 | C16: =SUM(C2:C15) -> 5343.66 | D16: =SUM(D2:D15) -> 6117.76 | E16: =SUM(E2:E15) -> 580 | F16: =SUM(F2:F15) -> 5768 | G16: =SUM(G2:G15) -> 5528 | H16: =SUM(A16:G16)+I8 -> 55557.43 | I16: OASys Value | L16: =SUM(L3:L15) -> 4025 | M16: =SUM(M3:M15) -> 363 | N16: =SUM(N3:N15) -> 4697 | O16: =SUM(O3:O15) -> 1922.5 | P16: =SUM(P3:P15) -> 4290 | Q16: =SUM(Q3:Q15) -> 1820.6 | R16: =SUM(R3:R15) -> 3688 | S16: =SUM(S3:S15) -> 1590 | ... Y16: =SUM(Y3:Y15) -> 290 | Z16: =L17+N17+P17+R17+T17+V17+X17 -> 30026
A17: 5698.54 | B17: 7113.6 | C17: 5343.66 | D17: 6117.76 | E17: 580 | F17: 5768 | G17: 5528 | H17: =SUM(A17:G17)+I8 -> 55557.43 | I17: Payroll Value | L17: 4025 | M17: 363 | N17: 4697 | O17: 1922 | P17: 4290 | Q17: 1820.6 | R17: 3688 | S17: 1590 | T17: 564 | U17: 0 | V17: 6560 | W17: 122.5 | X17: 6202 | Y17: 290 | Z17: =M17+O17+Q17+S17+U17+W17+Y17 -> 6108.1
A18: =A16-A17 -> 0 | B18: =B16-B17 -> 0 | C18: =C16-C17 -> 0 | D18: =D16-D17 -> 0 | E18: =E16-E17 -> 0 | F18: =F16-F17 -> 0 | G18: =G16-G17 -> 0 | L18: =L16-L17 -> 0 | M18: =M16-M17 -> 0 | N18: =N16-N17 -> 0 | O18: 0 | P18: =P16-P17 -> 0 | Q18: =Q16-Q17 -> 0 | R18: =R16-R17 -> 0 | S18: =S16-S17 -> 0 | T18: =T16-T17 -> 0 | U18: =U16-U17 -> 0 | V18: =V16-V17 -> 0 | W18: =W16-W17 -> 0 | ... Y18: =Y16-Y17 -> 0
A20: 45273 | B20: 45274 | C20: 45275 | D20: 45276 | E20: 45277 | F20: 45278 | G20: 45279 | I20: Registers | L20: 45273 | N20: 45274 | P20: 45275 | R20: 45276 | T20: 45277 | V20: 45278 | X20: 45279
A21: 1047.5 | B21: 2233.54 | C21: 3180 | D21: 675 | E21: 240 | F21: 1120 | G21: 915 | I21: 5527.9 | L21: Jobsheets | M21: Cash Vouchers | N21: Jobsheets | O21: Cash Vouchers | P21: Jobsheets | Q21: Cash Vouchers | R21: Jobsheets | S21: Cash Vouchers | T21: Jobsheets | U21: Cash Vouchers | V21: Jobsheets | W21: Cash Vouchers | X21: Jobsheets | Y21: Cash Vouchers
A22: 2780 | B22: 2655 | C22: 795 | D22: 3310 | F22: 3005 | G22: 3035 | I22: 3132.5 | L22: 480 | M22: 35 | N22: 660 | O22: 382.5 | P22: 4385 | Q22: 120 | R22: 380 | S22: 35 | T22: 760 | U22: 0 | V22: 448 | W22: =20+15+7.5 -> 42.5 | X22: 680 | Y22: 50
A23: 2013 | B23: 705 | D23: 3090.13 | F23: 1933 | G23: 1527.46 | I23: 5921.05 | L23: 31 | M23: 60 | N23: 4575 | O23: 60 | P23: 360 | Q23: 50 | R23: 24 | S23: 30 | T23: 84 | V23: 4700 | W23: 60 | X23: 426 | Y23: 1500
I24: 4005.15 | L24: 4480 | N24: 492 | O24: 60 | P24: 695 | R24: 3560 | S24: 888.8 | V24: 330 | X24: 4020
I25: 2184.56 | L25: 270 | N25: 585 | R25: 720 | V25: 1040 | X25: 840
L26: 730
I27: =SUM(I21:I26) -> 20771.16
Z28: =SUM(Z21:Z26) -> 0
A35: =SUM(A21:A34) -> 5840.5 | B35: =SUM(B21:B34) -> 5593.54 | C35: =SUM(C21:C34) -> 3975 | D35: =SUM(D21:D34) -> 7075.13 | E35: =SUM(E21:E34) -> 240 | F35: =SUM(F21:F34) -> 6058 | G35: =SUM(G21:G34) -> 5477.46 | H35: =SUM(A35:G35)+I27 -> 55030.79 | I35: OASys Value | L35: =SUM(L22:L34) -> 5991 | M35: =SUM(M22:M34) -> 95 | N35: =SUM(N22:N34) -> 6312 | O35: =SUM(O22:O34) -> 502.5 | P35: =SUM(P22:P34) -> 5440 | Q35: =SUM(Q22:Q34) -> 170 | R35: =SUM(R22:R34) -> 4684 | S35: =SUM(S22:S34) -> 953.8 | ... Y35: =SUM(Y22:Y34) -> 1550 | Z35: =L36+N36+P36+R36+T36+V36+X36 -> 35755
A36: 5840.5 | B36: 5593.54 | C36: 3975 | D36: 7075.13 | E36: 240 | F36: 6058 | G36: 5477.46 | H36: =SUM(A36:G36)+I27 -> 55030.79 | I36: Payroll Value | L36: 5991 | M36: 95 | N36: 6312 | O36: 502.5 | P36: 5440 | Q36: 170 | R36: 4684 | S36: 953.8 | T36: 844 | U36: 0 | V36: 6518 | W36: 102.5 | X36: 5966 | Y36: 1550 | Z36: =M36+O36+Q36+S36+U36+W36+Y36 -> 3373.8
A37: =A35-A36 -> 0 | B37: =B35-B36 -> 0 | C37: =C35-C36 -> 0 | D37: =D35-D36 -> 0 | E37: =E35-E36 -> 0 | F37: =F35-F36 -> 0 | G37: =G35-G36 -> 0 | L37: =L35-L36 -> 0 | M37: =M35-M36 -> 0 | N37: =N35-N36 -> 0 | O37: =O35-O36 -> 0 | P37: =P35-P36 -> 0 | Q37: =Q35-Q36 -> 0 | R37: =R35-R36 -> 0 | S37: =S35-S36 -> 0 | ... Y37: =Y35-Y36 -> 0
A39: 45280 | B39: 45281 | C39: 45282 | D39: 45283 | E39: 45284 | F39: 45285 | G39: 45286 | I39: Registers | L39: 45280 | N39: 45281 | P39: 45282 | R39: 45283 | T39: 45284 | V39: 45285 | X39: 45286
A40: 1715.59 | B40: 2158.66 | C40: 1923.6 | D40: 630 | E40: 1160 | F40: 1440 | G40: 2305 | I40: 6712.45 | L40: Jobsheets | M40: Cash Vouchers | N40: Jobsheets | O40: Cash Vouchers | P40: Jobsheets | Q40: Cash Vouchers | R40: Jobsheets | S40: Cash Vouchers | T40: Jobsheets | U40: Cash Vouchers | V40: Jobsheets | W40: Cash Vouchers | X40: Jobsheets | Y40: Cash Vouchers
A41: 2885 | B41: 2810 | C41: 2925 | D41: 1655 | F41: 765 | G41: 930 | I41: 2270 | L41: 370 | M41: 42.5 | N41: 540 | O41: 50 | P41: 815 | Q41: 50 | R41: 388 | S41: 50 | T41: 84 | V41: 3600 | W41: 1592.4 | X41: 4360 | Y41: 50
A42: 1025 | B42: 880 | C42: 820 | D42: 3582.76 | I42: 390 | L42: 3595 | M42: 62.9 | N42: 4200 | O42: 45 | P42: 408 | Q42: 60 | R42: 336 | S42: 720 | V42: 156 | W42: 120 | X42: 420
I43: 6078.82 | L43: 270 | N43: 432 | P43: 4335 | R43: 2660 | S43: 1980 | V43: 570 | W43: 32.5 | X43: 680
I44: 3204.12 | L44: 605 | N44: 650 | P44: 610 | R44: 448 | X44: 51
I45: 2069.26 | L45: 59 | N45: 24
I46: =SUM(I40:I45)+H400 -> 20724.65
Z47: =SUM(Z40:Z45) -> 0
A54: =SUM(A40:A53) -> 5625.59 | B54: =SUM(B40:B53) -> 5848.66 | C54: =SUM(C40:C53) -> 5668.6 | D54: =SUM(D40:D53) -> 5867.76 | E54: =SUM(E40:E53) -> 1160 | F54: =SUM(F40:F53) -> 2205 | G54: =SUM(G40:G53) -> 3235 | H54: =SUM(A54:G54)+I46 -> 50335.26 | I54: OASys Value | L54: =SUM(L41:L53) -> 4899 | M54: =SUM(M41:M53) -> 105.4 | N54: =SUM(N41:N53) -> 5846 | O54: =SUM(O41:O53) -> 95 | P54: =SUM(P41:P53) -> 6168 | Q54: =SUM(Q41:Q53) -> 110 | R54: =SUM(R41:R53) -> 3832 | S54: =SUM(S41:S53) -> 2750 | ... Y54: =SUM(Y41:Y53) -> 50 | Z54: =L55+N55+P55+R55+T55+V55+X55 -> 30666
A55: 5625.59 | B55: 5848.66 | C55: 5668.6 | D55: 5867.76 | E55: 1160 | F55: 2205 | G55: 3235 | H55: =SUM(A55:G55)+I46 -> 50335.26 | I55: Payroll Value | L55: 4899 | M55: 105.4 | N55: 5846 | O55: 95 | P55: 6168 | Q55: 110 | R55: 3832 | S55: 2750 | T55: 84 | V55: 4326 | W55: 1744.9 | X55: 5511 | Y55: 50 | Z55: =M55+O55+Q55+S55+U55+W55+Y55 -> 4855.3
A56: =A54-A55 -> 0 | B56: =B54-B55 -> 0 | C56: =C54-C55 -> 0 | D56: =D54-D55 -> 0 | E56: =E54-E55 -> 0 | F56: =F54-F55 -> 0 | G56: =G54-G55 -> 0 | L56: =L54-L55 -> 0 | M56: =M54-M55 -> 0 | N56: =N54-N55 -> 0 | O56: =O54-O55 -> 0 | P56: =P54-P55 -> 0 | Q56: =Q54-Q55 -> 0 | R56: =R54-R55 -> 0 | S56: =S54-S55 -> 0 | ... Y56: =Y54-Y55 -> 0
A58: 45287 | B58: 45288 | C58: 45289 | D58: 45290 | E58: 45291 | F58: 45292 | G58: 45293 | I58: Registers | L58: 45287 | N58: 45288 | P58: 45289 | R58: 45290 | T58: 45291 | V58: 45292 | X58: 45293
A59: 760 | B59: 1419.93 | C59: 635 | D59: 3565.15 | E59: 615 | F59: 2195 | G59: 1419.93 | I59: 3204.12 | L59: Jobsheets | M59: Cash Vouchers | N59: Jobsheets | O59: Cash Vouchers | P59: Jobsheets | Q59: Cash Vouchers | R59: Jobsheets | S59: Cash Vouchers | T59: Jobsheets | U59: Cash Vouchers | V59: Jobsheets | W59: Cash Vouchers | X59: Jobsheets | Y59: Cash Vouchers
A60: 2095 | B60: 3895 | C60: 2660 | D60: 1510 | F60: 850 | G60: 2850 | I60: 1577.7 | L60: 525 | M60: 17.5 | N60: 960 | O60: 382.5 | P60: 725 | Q60: 60 | R60: 1080 | S60: 35 | T60: 450 | U60: 15 | V60: 4995 | W60: 15 | X60: 790 | Y60: 430
A61: 1104.39 | B61: 717.5 | C61: 1557.46 | D61: 850 | G61: 865 | I61: 7107.3 | L61: 4065 | M61: 60 | N61: 4355 | O61: 120 | P61: 3965 | Q61: 50 | R61: 140 | T61: 84 | V61: 306 | W61: 20 | X61: 4055
I62: 2742.5 | L62: 270 | N62: 432 | O62: 79 | P62: 180 | Q62: 419.9 | R62: 2990 | V62: 605 | W62: 7.5 | X62: 426
I63: 3948.5 | L63: 790 | N63: 670 | O63: 210 | P63: 600 | R63: 336 | V63: 30 | W63: 60 | X63: 695
I64: 1657.01 | R64: 290 | X64: 24
I65: =SUM(I59:I64) -> 20237.13 | R65: 41
Z66: =SUM(Z59:Z64) -> 0
A73: =SUM(A59:A72) -> 3959.39 | B73: =SUM(B59:B72) -> 6032.43 | C73: =SUM(C59:C72) -> 4852.46 | D73: =SUM(D59:D72) -> 5925.15 | E73: =SUM(E59:E72) -> 615 | F73: =SUM(F59:F72) -> 3045 | G73: =SUM(G59:G72) -> 5134.93 | H73: =SUM(A73:G73)+I65 -> 49801.49 | I73: OASys Value | L73: =SUM(L60:L72) -> 5650 | M73: =SUM(M60:M72) -> 77.5 | N73: =SUM(N60:N72) -> 6417 | O73: =SUM(O60:O72) -> 791.5 | P73: =SUM(P60:P72) -> 5470 | Q73: =SUM(Q60:Q72) -> 529.9 | R73: =SUM(R60:R72) -> 4877 | S73: =SUM(S60:S72) -> 35 | ... Y73: =SUM(Y60:Y72) -> 430 | Z73: =L74+N74+P74+R74+T74+V74+X74 -> 34874
A74: 3959.39 | B74: 6032.43 | C74: 4852.46 | D74: 5925.15 | E74: 615 | F74: 3045 | G74: 5134.93 | H74: =SUM(A74:G74)+I65 -> 49801.49 | I74: Payroll Value | L74: 5650 | M74: 77.5 | N74: 6417 | O74: 791.5 | P74: 5470 | Q74: 529.9 | R74: 4877 | S74: 35 | T74: 534 | U74: 15 | V74: 5936 | W74: 102.5 | X74: 5990 | Y74: 430 | Z74: =M74+O74+Q74+S74+U74+W74+Y74 -> 1981.4
A75: =A73-A74 -> 0 | B75: =B73-B74 -> 0 | C75: =C73-C74 -> 0 | D75: =D73-D74 -> 0 | E75: =E73-E74 -> 0 | F75: =F73-F74 -> 0 | G75: =G73-G74 -> 0 | L75: =L73-L74 -> 0 | M75: =M73-M74 -> 0 | N75: =N73-N74 -> 0 | O75: =O73-O74 -> 0 | P75: =P73-P74 -> 0 | Q75: =Q73-Q74 -> 0 | R75: =R73-R74 -> 0 | S75: =S73-S74 -> 0 | ... Y75: =Y73-Y74 -> 0
A77: 44951 | B77: 44952 | C77: 44953 | D77: 44954 | E77: 44955 | F77: 44956 | G77: 44957 | I77: Registers
I84: =SUM(I78:I83) -> 0
A92: =SUM(A78:A91) -> 0 | B92: =SUM(B78:B91) -> 0 | C92: =SUM(C78:C91) -> 0 | D92: =SUM(D78:D91) -> 0 | E92: =SUM(E78:E91) -> 0 | F92: =SUM(F78:F91) -> 0 | G92: =SUM(G78:G91) -> 0 | H92: =SUM(A92:G92)+I84 -> 0 | I92: OASys Value
H93: =SUM(A93:G93) -> 0 | I93: Payroll Value
A94: =A92-A93 -> 0 | B94: =B92-B93 -> 0 | C94: =C92-C93 -> 0 | D94: =D92-D93 -> 0 | E94: =E92-E93 -> 0 | F94: =F92-F93 -> 0 | G94: =G92-G93 -> 0

Sheet January
A2: 45294 | B2: 45295 | C2: 45296 | D2: 45297 | E2: 45298 | F2: 45299 | G2: 45300 | I2: Registers | K2: 45294 | M2: 45295 | O2: 45296 | Q2: 45297 | S2: 45298 | U2: 45299 | W2: 45300
A3: 2008.54 | B3: 600 | C3: 1966.13 | D3: 4238.82 | E3: 240 | F3: 775 | G3: 1976.19 | I3: 4005.15 | K3: Jobsheets | L3: Cash Vouchers | M3: Jobsheets | N3: Cash Vouchers | O3: Jobsheets | P3: Cash Vouchers | Q3: Jobsheets | R3: Cash Vouchers | S3: Jobsheets | T3: Cash Vouchers | V3: Cash Vouchers | W3: Jobsheets | X3: Cash Vouchers
A4: 2340 | B4: 4435 | C4: 2845 | D4: 1495 | F4: 3290 | G4: 2985 | I4: 3615 | K4: 940 | L4: 180 | M4: 4440 | N4: 110 | O4: 540 | P4: 120 | Q4: 800 | R4: 240 | S4: 750 | T4: 0 | U4: 595 | V4: 109.5 | W4: 480 | X4: 382.5
A5: 1010 | B5: 1693.06 | C5: 900 | D5: 815 | F5: 1923.6 | G5: 1095 | I5: 3948.5 | K5: 4065 | L5: 35 | M5: 432 | N5: 20 | O5: 4045 | P5: 42.5 | Q5: 56 | R5: 50 | S5: 84 | U5: 4825 | V5: 1080 | W5: 4745 | X5: 3240
I6: 5922.75 | K6: 270 | M6: 720 | N6: 60 | O6: 180 | Q6: 2530 | R6: 240 | U6: 360 | W6: 444 | X6: 109
I7: 1341.47 | K7: 515 | M7: 815 | O7: 775 | Q7: 296 | U7: 480 | W7: 525 | X7: 37.9
K8: 30 | Q8: 240 | W8: 24
I9: =SUM(I3:I8) -> 18832.87 | Q9: 28
Y10: =SUM(Y3:Y8) -> 0
A17: =SUM(A3:A16) -> 5358.54 | B17: =SUM(B3:B16) -> 6728.06 | C17: =SUM(C3:C16) -> 5711.13 | D17: =SUM(D3:D16) -> 6548.82 | E17: =SUM(E3:E16) -> 240 | F17: =SUM(F3:F16) -> 5988.6 | G17: =SUM(G3:G16) -> 6056.19 | H17: =SUM(A17:G17)+I9 -> 55464.21 | I17: OASys Value | K17: =SUM(K4:K16) -> 5820 | L17: =SUM(L4:L16) -> 215 | M17: =SUM(M4:M16) -> 6407 | N17: =SUM(N4:N16) -> 190 | O17: =SUM(O4:O16) -> 5540 | P17: =SUM(P4:P16) -> 162.5 | Q17: =SUM(Q4:Q16) -> 3950 | R17: =SUM(R4:R16) -> 530 | ... X17: =SUM(X4:X16) -> 3769.4 | Y17: =K18+M18+O18+Q18+S18+U18+W18 -> 35029
A18: 5358.54 | B18: 6728.06 | C18: 5711.13 | D18: 6548.82 | E18: 240 | F18: 5988.6 | G18: 6056.19 | H18: =SUM(A18:G18)+I9 -> 55464.21 | I18: Payroll Value | K18: 5820 | L18: 215 | M18: 6407 | N18: 190 | O18: 5540 | P18: 162.5 | Q18: 3950 | R18: 530 | S18: 834 | T18: 0 | U18: 6260 | V18: 1189.5 | W18: 6218 | X18: 3769.4 | Y18: =L18+N18+P18+R18+T18+V18+X18 -> 6056.4
A19: =A17-A18 -> 0 | B19: =B17-B18 -> 0 | C19: =C17-C18 -> 0 | D19: =D17-D18 -> 0 | E19: =E17-E18 -> 0 | F19: =F17-F18 -> 0 | G19: =G17-G18 -> 0 | K19: =K17-K18 -> 0 | L19: =L17-L18 -> 0 | M19: =M17-M18 -> 0 | N19: =N17-N18 -> 0 | O19: =O17-O18 -> 0 | P19: =P17-P18 -> 0 | Q19: =Q17-Q18 -> 0 | R19: =R17-R18 -> 0 | ... X19: =X17-X18 -> 0
A21: 45301 | B21: 45302 | C21: 45303 | D21: 45304 | E21: 45305 | F21: 45306 | G21: 45307 | I21: Registers | K21: 45301 | M21: 45302 | O21: 45303 | Q21: 45304 | S21: 45305 | U21: 45306 | W21: 45307
A22: 790 | B22: 2093.6 | C22: 740 | D22: 780 | E22: 240 | F22: 995 | G22: 1715.59 | I22: 3132.5 | K22: Jobsheets | L22: Cash Vouchers | M22: Jobsheets | N22: Cash Vouchers | O22: Jobsheets | P22: Cash Vouchers | Q22: Jobsheets | R22: Cash Vouchers | S22: Jobsheets | T22: Cash Vouchers | U22: Jobsheets | V22: Cash Vouchers | W22: Jobsheets | X22: Cash Vouchers
A23: 2280 | B23: 2650 | C23: 3325 | D23: 1820 | F23: 2875 | G23: 2840 | I23: 5922.75 | K23: 537 | L23: 120 | M23: 600 | N23: 180 | O23: 840 | P23: 110 | Q23: 358 | R23: 50 | S23: 760 | U23: 480 | V23: 42.5 | W23: 550 | X23: 60
A24: 1377.46 | B24: 705 | C24: 1608.06 | D24: 3631.29 | F24: 2073.6 | G24: 880 | I24: 740 | K24: 270 | L24: 22.5 | M24: 5260 | N24: 30 | O24: 264 | Q24: 312 | R24: 120 | S24: 84 | U24: 5490 | W24: 4850 | X24: 50
I25: 5605.51 | K25: 5060 | L25: 1416.5 | M25: 432 | N25: 30 | O25: 5100 | Q25: 2400 | U25: 330 | W25: 438 | X25: 500
I26: 861.68 | K26: 720 | M26: 740 | N26: 167.1 | O26: 600 | Q26: 956 | U26: 500 | W26: 640
I27: 4005.15 | W27: 24
I28: =SUM(I22:I27) -> 20267.59
Y29: =SUM(Y22:Y27) -> 0
A36: =SUM(A22:A35) -> 4447.46 | B36: =SUM(B22:B35) -> 5448.6 | C36: =SUM(C22:C35) -> 5673.06 | D36: =SUM(D22:D35) -> 6231.29 | E36: =SUM(E22:E35) -> 240 | F36: =SUM(F22:F35) -> 5943.6 | G36: =SUM(G22:G35) -> 5435.59 | H36: =SUM(A36:G36)+I28 -> 53687.19 | I36: OASys Value | K36: =SUM(K23:K35) -> 6587 | L36: =SUM(L23:L35) -> 1559 | M36: =SUM(M23:M35) -> 7032 | N36: =SUM(N23:N35) -> 407.1 | O36: =SUM(O23:O35) -> 6804 | P36: =SUM(P23:P35) -> 110 | Q36: =SUM(Q23:Q35) -> 4026 | R36: =SUM(R23:R35) -> 170 | ... X36: =SUM(X23:X35) -> 610 | Y36: =K37+M37+O37+Q37+S37+U37+W37 -> 38595
A37: 4447.46 | B37: 5448.6 | C37: 5673.06 | D37: 6231.29 | E37: 240 | F37: 5943.6 | G37: 5435.59 | H37: =SUM(A37:G37)+I28 -> 53687.19 | I37: Payroll Value | K37: 6587 | L37: 1559 | M37: 7032 | N37: 407.1 | O37: 6804 | P37: 110 | Q37: 4026 | R37: 170 | S37: 844 | U37: 6800 | V37: 42.5 | W37: 6502 | X37: 610 | Y37: =L37+N37+P37+R37+T37+V37+X37 -> 2898.6
A38: =A36-A37 -> 0 | B38: =B36-B37 -> 0 | C38: =C36-C37 -> 0 | D38: =D36-D37 -> 0 | E38: =E36-E37 -> 0 | F38: =F36-F37 -> 0 | G38: =G36-G37 -> 0 | H38: 0 | K38: =K36-K37 -> 0 | L38: =L36-L37 -> 0 | M38: =M36-M37 -> 0 | N38: =N36-N37 -> 0 | O38: =O36-O37 -> 0 | P38: =P36-P37 -> 0 | Q38: =Q36-Q37 -> 0 | R38: =R36-R37 -> 0 | ... X38: =X36-X37 -> 0
A40: 45308 | B40: 45309 | C40: 45310 | D40: 45311 | E40: 45312 | F40: 45313 | G40: 45314 | I40: Registers | K40: 45308 | M40: 45309 | O40: 45310 | P40: 45310 | Q40: 45311 | S40: 45312 | U40: 45313 | W40: 45314
A41: 1600.29 | B41: 687.5 | C41: 980 | D41: 3951.81 | E41: 1075 | F41: 1000 | G41: 1145 | I41: 5922.75 | K41: Jobsheets | L41: Cash Vouchers | M41: Jobsheets | N41: Cash Vouchers | O41: Jobsheets | P41: Cash Vouchers | Q41: Jobsheets | R41: Cash Vouchers | S41: Jobsheets | T41: Cash Vouchers | U41: Jobsheets | V41: Cash Vouchers | W41: Jobsheets | X41: Cash Vouchers
A42: 2875 | B42: 2155 | C42: 2555 | D42: 1750 | F42: 2880 | G42: 2705 | I42: 3225 | K42: 540 | L42: 42.5 | M42: 580 | N42: 22.5 | O42: 620 | P42: 50 | Q42: 900 | R42: 382.5 | S42: 70 | T42: 15 | U42: 575 | V42: 161.6 | W42: 475 | X42: 42.5
A43: 1030 | B43: 2065.83 | C43: 1908.06 | D43: 935 | F43: 1988.66 | G43: 1988.66 | I43: 5289.97 | K43: 4300 | M43: 432 | N43: 80 | O43: 180 | P43: 180 | Q43: 2510 | R43: 2700 | S43: 84 | U43: 330 | V43: 60 | W43: 438 | X43: 60
I44: 4005.15 | K44: 270 | M44: 4920 | N44: 60 | O44: 4440 | Q44: 336 | R44: 42.5 | U44: 5255 | W44: 4555
I45: 703.91 | K45: 510 | M45: 860 | O45: 610 | Q45: 200 | U45: 480 | W45: 480
K46: 31 | Q46: 28
I47: =SUM(I41:I46) -> 19146.78
Y48: =SUM(Y41:Y46) -> 0
A55: =SUM(A41:A54) -> 5505.29 | B55: =SUM(B41:B54) -> 4908.33 | C55: =SUM(C41:C54) -> 5443.06 | D55: =SUM(D41:D54) -> 6636.81 | E55: =SUM(E41:E54) -> 1075 | F55: =SUM(F41:F54) -> 5868.66 | G55: =SUM(G41:G54) -> 5838.66 | H55: =SUM(A55:G55)+I47 -> 54422.59 | I55: OASys Value | K55: =SUM(K42:K54) -> 5651 | L55: =SUM(L42:L54) -> 42.5 | M55: =SUM(M42:M54) -> 6792 | N55: =SUM(N42:N54) -> 162.5 | O55: =SUM(O42:O54) -> 5850 | P55: =SUM(P42:P54) -> 230 | Q55: =SUM(Q42:Q54) -> 3974 | R55: =SUM(R42:R54) -> 3125 | ... X55: =SUM(X42:X54) -> 102.5 | Y55: =K56+M56+O56+Q56+S56+U56+W56 -> 35009
A56: 5505.29 | B56: 4908.33 | C56: 5443.06 | D56: 6636.81 | E56: 1075 | F56: 5868.66 | G56: 5838.66 | H56: =SUM(A56:G56)+I47 -> 54422.59 | I56: Payroll Value | K56: 5651 | L56: 42.5 | M56: 6792 | N56: 162.5 | O56: 5850 | P56: 230 | Q56: 3974 | R56: 3125 | S56: 154 | T56: 15 | U56: 6640 | V56: 221.6 | W56: 5948 | X56: 102.5 | Y56: =L56+N56+P56+R56+T56+V56+X56 -> 3899.1
A57: =A55-A56 -> 0 | B57: =B55-B56 -> 0 | C57: =C55-C56 -> 0 | D57: =D55-D56 -> 0 | E57: =E55-E56 -> 0 | F57: =F55-F56 -> 0 | G57: =G55-G56 -> 0 | K57: =K55-K56 -> 0 | L57: =L55-L56 -> 0 | M57: =M55-M56 -> 0 | N57: =N55-N56 -> 0 | O57: =O55-O56 -> 0 | P57: =P55-P56 -> 0 | Q57: =Q55-Q56 -> 0 | R57: =R55-R56 -> 0 | ... X57: =X55-X56 -> 0
A59: 45315 | B59: 45316 | C59: 45317 | D59: 45318 | E59: 45319 | F59: 45320 | G59: 45321 | I59: Registers | K59: 45315 | M59: 45316 | O59: 45317 | Q59: 45318 | S59: 45319 | U59: 45320 | W59: 45321
A60: 1988.66 | B60: 2073.6 | C60: 1673.12 | D60: 855 | E60: 240 | F60: 1100 | G60: 1988.66 | I60: 546.14 | K60: Jobsheets | L60: Cash Vouchers | M60: Jobsheets | N60: Cash Vouchers | O60: Jobsheets | P60: Cash Vouchers | Q60: Jobsheets | R60: Cash Vouchers | S60: Jobsheets | T60: Cash Vouchers | U60: Jobsheets | V60: Cash Vouchers | W60: Jobsheets | X60: Cash Vouchers
A61: 2355 | B61: 2850 | C61: 2520 | D61: 1725 | F61: 3015 | G61: 2715 | I61: 1110 | K61: 600 | L61: 60 | M61: 480 | N61: 35 | O61: 595 | P61: 50 | Q61: 112 | R61: 50 | S61: 84 | T61: 0 | U61: 445 | V61: 42.5 | W61: 600 | X61: 1599
A62: 1045 | B62: 657.5 | C62: 1045 | D62: 3721.21 | F62: 1673.12 | G62: 995 | I62: 2660 | K62: 4625 | L62: 27.5 | M62: 4910 | O62: 28 | P62: 60 | Q62: 270 | S62: 760 | U62: 360 | V62: 60 | W62: 4650 | X62: 120
I63: 5133.05 | K63: 270 | M63: 432 | O63: 180 | Q63: 336 | U63: 5285 | W63: 432 | X63: 100
I64: 4005.15 | K64: 535 | M64: 700 | O64: 4395 | Q64: 2570 | U64: 360 | W64: 630
I65: 5289.97 | K65: 31 | O65: 480 | Q65: 900 | W65: 28
I66: =SUM(I60:I65) -> 18744.31
Y67: =SUM(Y60:Y65) -> 0
A74: =SUM(A60:A73) -> 5388.66 | B74: =SUM(B60:B73) -> 5581.1 | C74: =SUM(C60:C73) -> 5238.12 | D74: =SUM(D60:D73) -> 6301.21 | E74: =SUM(E60:E73) -> 240 | F74: =SUM(F60:F73) -> 5788.12 | G74: =SUM(G60:G73) -> 5698.66 | H74: =SUM(A74:G74)+I66 -> 52980.18 | I74: OASys Value | K74: =SUM(K61:K73) -> 6061 | L74: =SUM(L61:L73) -> 87.5 | M74: =SUM(M61:M73) -> 6522 | N74: =SUM(N61:N73) -> 35 | O74: =SUM(O61:O73) -> 5678 | P74: =SUM(P61:P73) -> 110 | Q74: =SUM(Q61:Q73) -> 4188 | R74: =SUM(R61:R73) -> 50 | ... X74: =SUM(X61:X73) -> 1819 | Y74: =K75+M75+O75+Q75+S75+U75+W75 -> 36083
A75: 5388.66 | B75: 5581.1 | C75: 5238.12 | D75: 6301.21 | E75: 240 | F75: 5788.12 | G75: 5698.66 | H75: =SUM(A75:G75)+I66 -> 52980.18 | I75: Payroll Value | K75: 6061 | L75: 87.5 | M75: 6522 | N75: 35 | O75: 5678 | P75: 110 | Q75: 4188 | R75: 50 | S75: 844 | T75: 0 | U75: 6450 | V75: 102.5 | W75: 6340 | X75: 1819 | Y75: =L75+N75+P75+R75+T75+V75+X75 -> 2204
A76: =A74-A75 -> 0 | B76: =B74-B75 -> 0 | C76: =C74-C75 -> 0 | D76: =D74-D75 -> 0 | E76: =E74-E75 -> 0 | F76: =F74-F75 -> 0 | G76: =G74-G75 -> 0 | K76: =K74-K75 -> 0 | L76: =L74-L75 -> 0 | M76: =M74-M75 -> 0 | N76: =N74-N75 -> 0 | O76: =O74-O75 -> 0 | P76: =P74-P75 -> 0 | Q76: =Q74-Q75 -> 0 | R76: =R74-R75 -> 0 | ... X76: =X74-X75 -> 0
A79: 45322 | B79: 45323 | C79: 45324 | D79: 45325 | E79: 45326 | F79: 45327 | G79: 45328 | I79: Registers | K79: 45322 | M79: 45323 | O79: 45324 | Q79: 45325 | S79: 45326 | U79: 45327 | W79: 45328
A80: 1673.12 | K80: Jobsheets | L80: Cash Vouchers | M80: Jobsheets | N80: Cash Vouchers | O80: Jobsheets | P80: Cash Vouchers | Q80: Jobsheets | R80: Cash Vouchers | S80: Jobsheets | T80: Cash Vouchers | U80: Jobsheets | V80: Cash Vouchers | W80: Jobsheets | X80: Cash Vouchers
A81: 2065 | K81: 360 | L81: 120
A82: 1120 | K82: 4405 | L82: 27.5
K83: 256.5
K84: 415
K85: 31
I86: =SUM(I80:I85) -> 0
Y87: =SUM(Y80:Y85) -> 0
A94: =SUM(A80:A93) -> 4858.12 | B94: =SUM(B80:B93) -> 0 | C94: =SUM(C80:C93) -> 0 | D94: =SUM(D80:D93) -> 0 | E94: =SUM(E80:E93) -> 0 | F94: =SUM(F80:F93) -> 0 | G94: =SUM(G80:G93) -> 0 | H94: =SUM(A94:G94)+I86 -> 4858.12 | I94: OASys Value | K94: =SUM(K81:K93) -> 5467.5 | L94: =SUM(L81:L93) -> 147.5 | M94: =SUM(M81:M93) -> 0 | N94: =SUM(N81:N93) -> 0 | O94: =SUM(O81:O93) -> 0 | P94: =SUM(P81:P93) -> 0 | Q94: =SUM(Q81:Q93) -> 0 | R94: =SUM(R81:R93) -> 0 | ... X94: =SUM(X81:X93) -> 0 | Y94: =K95+M95+O95+Q95+S95+U95+W95 -> 5467.5
A95: 4858.12 | H95: =SUM(A95:G95)+I86 -> 4858.12 | I95: Payroll Value | K95: 5467.5 | L95: 147.5 | Y95: =L95+N95+P95+R95+T95+V95+X95 -> 147.5
A96: =A94-A95 -> 0 | B96: =B94-B95 -> 0 | C96: =C94-C95 -> 0 | D96: =D94-D95 -> 0 | E96: =E94-E95 -> 0 | F96: =F94-F95 -> 0 | G96: =G94-G95 -> 0 | K96: =K94-K95 -> 0 | L96: =L94-L95 -> 0 | M96: =M94-M95 -> 0 | N96: =N94-N95 -> 0 | O96: =O94-O95 -> 0 | P96: =P94-P95 -> 0 | Q96: =Q94-Q95 -> 0 | R96: =R94-R95 -> 0 | ... X96: =X94-X95 -> 0

Sheet February 2024
A2: 45322 | B2: 45323 | C2: 45324 | D2: 45325 | E2: 45326 | F2: 45327 | G2: 45328 | I2: Registers | K2: 45322 | M2: 45323 | O2: 45324 | Q2: 45325 | S2: 45326 | U2: 45327 | W2: 45328
A3: 1673.12 | B3: 970 | C3: 1948.36 | D3: 3974.39 | E3: 580 | F3: 840 | G3: 997.5 | I3: 2947.5 | K3: Jobsheets | L3: Cash Vouchers | M3: Jobsheets | N3: Cash Vouchers | O3: Jobsheets | P3: Cash Vouchers | Q3: Jobsheets | R3: Cash Vouchers | S3: Jobsheets | T3: Cash Vouchers | U3: Jobsheets | V3: Cash Vouchers | W3: Jobsheets | X3: Cash Vouchers
A4: 2065 | B4: 3325 | C4: 2520 | D4: 1520 | F4: 2535 | G4: 2640 | I4: 5922.75 | K4: 360 | L4: 120 | M4: 580 | N4: 461 | O4: 660 | P4: 865 | Q4: 480 | R4: 900 | S4: 84 | T4: 30 | U4: 30 | V4: 42.5 | W4: 675 | X4: 70
A5: 1120 | B5: 2063.66 | C5: 800 | D5: 885 | F5: 2073.6 | G5: 1798.36 | I5: 5289.97 | K5: 4405 | L5: 27.5 | M5: 432 | N5: 130 | O5: 4215 | P5: 42.5 | Q5: 2555 | R5: 110 | S5: 480 | T5: 42.5 | U5: 715 | V5: 30 | W5: 444 | X5: 1740
I6: 4005.15 | K6: 256.5 | M6: 5045 | N6: 382.5 | O6: 180 | Q6: 336 | U6: 360 | W6: 4685
I7: 115.3 | K7: 415 | M7: 660 | N7: 20 | O7: 545 | Q7: 245 | U7: 5215 | W7: 660
K8: 31 | Q8: 24 | U8: 480
I9: =SUM(I3:I8) -> 18280.67
Y10: =SUM(Y3:Y8) -> 0
A17: =SUM(A3:A16) -> 4858.12 | B17: =SUM(B3:B16) -> 6358.66 | C17: =SUM(C3:C16) -> 5268.36 | D17: =SUM(D3:D16) -> 6379.39 | E17: =SUM(E3:E16) -> 580 | F17: =SUM(F3:F16) -> 5448.6 | G17: =SUM(G3:G16) -> 5435.86 | H17: =SUM(A17:G17)+I9 -> 52609.66 | I17: OASys Value | K17: =SUM(K4:K16) -> 5467.5 | L17: =SUM(L4:L16) -> 147.5 | M17: =SUM(M4:M16) -> 6717 | N17: =SUM(N4:N16) -> 993.5 | O17: =SUM(O4:O16) -> 5600 | P17: =SUM(P4:P16) -> 907.5 | Q17: =SUM(Q4:Q16) -> 3640 | R17: =SUM(R4:R16) -> 1010 | ... X17: =SUM(X4:X16) -> 1810 | Y17: =K18+M18+O18+Q18+S18+U18+W18 -> 35252.5
A18: 4858.12 | B18: 6358.66 | C18: 5268.36 | D18: 6379.39 | E18: 580 | F18: 5448.6 | G18: 5435.86 | H18: =SUM(A18:G18)+I9 -> 52609.66 | I18: Payroll Value | K18: 5467.5 | L18: 147.5 | M18: 6717 | N18: 993.5 | O18: 5600 | P18: 907.5 | Q18: 3640 | R18: 1010 | S18: 564 | T18: 72.5 | U18: 6800 | V18: 72.5 | W18: 6464 | X18: 1810 | Y18: =L18+N18+P18+R18+T18+V18+X18 -> 5013.5
A19: =A17-A18 -> 0 | B19: =B17-B18 -> 0 | C19: =C17-C18 -> 0 | D19: =D17-D18 -> 0 | E19: =E17-E18 -> 0 | F19: =F17-F18 -> 0 | G19: =G17-G18 -> 0 | K19: =K17-K18 -> 0 | L19: =L17-L18 -> 0 | M19: =M17-M18 -> 0 | N19: =N17-N18 -> 0 | O19: =O17-O18 -> 0 | P19: =P17-P18 -> 0 | Q19: =Q17-Q18 -> 0 | R19: =R17-R18 -> 0 | ... X19: =X17-X18 -> 0
A21: 45329 | B21: 45330 | C21: 45331 | D21: 45332 | E21: 45333 | F21: 45334 | G21: 45335 | I21: Registers | K21: 45329 | M21: 45330 | O21: 45331 | Q21: 45332 | S21: 45333 | U21: 45334 | W21: 45335
A22: 745 | B22: 905 | C22: 835 | D22: 755 | E22: 615 | F22: 1170 | G22: 1988.66 | I22: 5605.51 | K22: Jobsheets | L22: Cash Vouchers | M22: Jobsheets | N22: Cash Vouchers | O22: Jobsheets | P22: Cash Vouchers | Q22: Jobsheets | R22: Cash Vouchers | S22: Jobsheets | T22: Cash Vouchers | U22: Jobsheets | V22: Cash Vouchers | W22: Jobsheets | X22: Cash Vouchers
A23: 2575 | B23: 3095 | C23: 3050 | D23: 2110 | F23: 3175 | G23: 2410 | I23: 3132.5 | K23: 665 | L23: 27.5 | M23: 28 | N23: 50 | O23: 180 | P23: 50 | Q23: 294 | R23: 50 | S23: 84 | U23: 400 | V23: 35 | W23: 480 | X23: 35
A24: 1608.06 | B24: 1727.7 | C24: 1567.76 | D24: 1988.66 | F24: 1608.06 | G24: 1380 | I24: 6613.74 | K24: 55 | M24: 645 | N24: 120 | O24: 710 | P24: 180 | Q24: 348 | S24: 440 | U24: 360 | V24: 60 | W24: 4590 | X24: 1740
I25: 3471.13 | K25: 410 | M25: 432 | O25: 4240 | P25: 60 | Q25: 2590 | U25: 4660 | W25: 432 | X25: 382.5
I26: 631.08 | K26: 4165 | M26: 4595 | O26: 840 | Q26: 660 | U26: 480 | W26: 310
K27: 600 | M27: 780
I28: =SUM(I22:I27) -> 19453.96
Y29: =SUM(Y22:Y27) -> 0
A36: =SUM(A22:A35) -> 4928.06 | B36: =SUM(B22:B35) -> 5727.7 | C36: =SUM(C22:C35) -> 5452.76 | D36: =SUM(D22:D35) -> 4853.66 | E36: =SUM(E22:E35) -> 615 | F36: =SUM(F22:F35) -> 5953.06 | G36: =SUM(G22:G35) -> 5778.66 | H36: =SUM(A36:G36)+I28 -> 52762.86 | I36: OASys Value | K36: =SUM(K23:K35) -> 5895 | L36: =SUM(L23:L35) -> 27.5 | M36: =SUM(M23:M35) -> 6480 | N36: =SUM(N23:N35) -> 170 | O36: =SUM(O23:O35) -> 5970 | P36: =SUM(P23:P35) -> 290 | Q36: =SUM(Q23:Q35) -> 3892 | R36: =SUM(R23:R35) -> 50 | ... X36: =SUM(X23:X35) -> 2157.5 | Y36: =K37+M37+O37+Q37+S37+U37+W37 -> 34473
A37: 4928.06 | B37: 5727.7 | C37: 5452.76 | D37: 4853.66 | E37: 615 | F37: 5953.06 | G37: 5778.66 | H37: =SUM(A37:G37)+I28 -> 52762.86 | I37: Payroll Value | K37: 5895 | L37: 27.5 | M37: 6480 | N37: 170 | O37: 5970 | P37: 290 | Q37: 3892 | R37: 50 | S37: 524 | T37: 0 | U37: 5900 | V37: 95 | W37: 5812 | X37: 2157.5 | Y37: =L37+N37+P37+R37+T37+V37+X37 -> 2790
A38: =A36-A37 -> 0 | B38: =B36-B37 -> 0 | C38: =C36-C37 -> 0 | D38: =D36-D37 -> 0 | E38: =E36-E37 -> 0 | F38: =F36-F37 -> 0 | G38: =G36-G37 -> 0 | K38: =K36-K37 -> 0 | L38: =L36-L37 -> 0 | M38: =M36-M37 -> 0 | N38: =N36-N37 -> 0 | O38: =O36-O37 -> 0 | P38: =P36-P37 -> 0 | Q38: =Q36-Q37 -> 0 | R38: =R36-R37 -> 0 | ... X38: =X36-X37 -> 0
A40: 45336 | B40: 45337 | C40: 45338 | D40: 45339 | E40: 45340 | F40: 45341 | G40: 45342 | I40: Registers | K40: 45336 | M40: 45337 | O40: 45338 | Q40: 45339 | S40: 45340 | U40: 45341 | W40: 45342
A41: 1800.53 | B41: 1340 | C41: 960 | D41: 855 | E41: 495 | F41: 1903.72 | G41: 1120 | I41: 5922.75 | K41: Jobsheets | L41: Cash Vouchers | M41: Jobsheets | N41: Cash Vouchers | O41: Jobsheets | P41: Cash Vouchers | Q41: Jobsheets | R41: Cash Vouchers | S41: Jobsheets | T41: Cash Vouchers | U41: Jobsheets | V41: Cash Vouchers | W41: Jobsheets | X41: Cash Vouchers
A42: 2930 | B42: 2785 | C42: 2985 | D42: 2405 | F42: 2625 | G42: 2840 | I42: 390 | K42: 480 | L42: 60 | M42: 315 | N42: 257 | O42: 28 | P42: 60 | Q42: 28 | R42: 20 | S42: 540 | T42: 15 | U42: 360 | V42: 42.5 | W42: 365 | X42: 95
A43: 1065 | B43: 1923.6 | C43: 1988.66 | D43: 2345.14 | F43: 925 | G43: 1640.59 | I43: 3132.5 | K43: 5065 | L43: 95 | M43: 432 | N43: 60 | O43: 465 | P43: 1450.5 | Q43: 210 | R43: 50 | S43: 84 | T43: 0 | U43: 5290 | W43: 432 | X43: 60
I44: 5289.97 | K44: 360 | L44: 250 | M44: 4715 | O44: 228 | Q44: 336 | R44: 1860 | U44: 360 | W44: 4755
I45: 4005.15 | K45: 365 | M45: 720 | O45: 4705 | Q45: 2800 | R45: 20 | U45: 460 | W45: 420
O46: 600 | Q46: 300 | U46: 28
I47: =SUM(I41:I46) -> 18740.37
Y48: =SUM(Y41:Y46) -> 0
A55: =SUM(A41:A54) -> 5795.53 | B55: =SUM(B41:B54) -> 6048.6 | C55: =SUM(C41:C54) -> 5933.66 | D55: =SUM(D41:D54) -> 5605.14 | E55: =SUM(E41:E54) -> 495 | F55: =SUM(F41:F54) -> 5453.72 | G55: =SUM(G41:G54) -> 5600.59 | H55: =SUM(A55:G55)+I47 -> 53672.61 | I55: OASys Value | K55: =SUM(K42:K54) -> 6270 | L55: =SUM(L42:L54) -> 405 | M55: =SUM(M42:M54) -> 6182 | N55: =SUM(N42:N54) -> 317 | O55: =SUM(O42:O54) -> 6026 | P55: =SUM(P42:P54) -> 1510.5 | Q55: =SUM(Q42:Q54) -> 3674 | R55: =SUM(R42:R54) -> 1950 | ... X55: =SUM(X42:X54) -> 155 | Y55: =K56+M56+O56+Q56+S56+U56+W56 -> 35246
A56: 5795.53 | B56: 6048.6 | C56: 5933.66 | D56: 5605.14 | E56: 495 | F56: 5453.72 | G56: 5600.59 | H56: =SUM(A56:G56)+I47 -> 53672.61 | I56: Payroll Value | K56: 6270 | L56: 405 | M56: 6182 | N56: 317 | O56: 6026 | P56: 1510.5 | Q56: 3674 | R56: 1999 | S56: 624 | T56: 15 | U56: 6498 | V56: 42.5 | W56: 5972 | X56: 155 | Y56: =L56+N56+P56+R56+T56+V56+X56 -> 4444
A57: =A55-A56 -> 0 | B57: =B55-B56 -> 0 | C57: =C55-C56 -> 0 | D57: =D55-D56 -> 0 | E57: =E55-E56 -> 0 | F57: =F55-F56 -> 0 | G57: =G55-G56 -> 0 | K57: =K55-K56 -> 0 | L57: =L55-L56 -> 0 | M57: =M55-M56 -> 0 | N57: =N55-N56 -> 0 | O57: =O55-O56 -> 0 | P57: =P55-P56 -> 0 | Q57: =Q55-Q56 -> 0 | R57: =R55-R56 -> -49 | ... X57: =X55-X56 -> 0
A59: 45343 | B59: 45344 | C59: 45345 | D59: 45346 | E59: 45347 | F59: 45348 | G59: 45349 | I59: Registers | K59: 45343 | M59: 45344 | O59: 45345 | Q59: 45346 | S59: 45347 | U59: 45348 | W59: 45349
A60: 1988.66 | B60: 1838.66 | C60: 775 | D60: 970 | E60: 240 | F60: 1090 | G60: 890 | I60: 3040 | K60: Jobsheets | L60: Cash Vouchers | M60: Jobsheets | N60: Cash Vouchers | O60: Jobsheets | P60: Cash Vouchers | Q60: Jobsheets | R60: Cash Vouchers | S60: Jobsheets | T60: Cash Vouchers | U60: Jobsheets | V60: Cash Vouchers | W60: Jobsheets | X60: Cash Vouchers
A61: 2575 | B61: 2470 | C61: 2475 | D61: 3320 | F61: 2995 | G61: 3145 | I61: 5922.75 | K61: 600 | L61: 35 | M61: 840 | N61: 60 | O61: 430 | P61: 42.5 | Q61: 238 | R61: 50 | S61: 760 | T61: 844 | U61: 413 | V61: 413 | W61: 501.3 | X61: 60
A62: 1070 | B62: 1200 | C62: 1873.36 | D62: 2342.33 | F62: 1577.7 | G62: 1608.06 | I62: 5289.97 | K62: 5000 | M62: 5095 | N62: 35 | O62: 204 | P62: 60 | Q62: 336 | R62: 382.5 | S62: 84 | U62: 384 | V62: 384 | X62: 42.5
I63: 4005.15 | K63: 354 | M63: 432 | O63: 5100 | Q63: 3190 | U63: 4795 | V63: 4795
I64: 1170 | K64: 450 | M64: 275 | O64: 420 | Q64: 670 | U64: 910 | V64: 910
I65: 388.37 | K65: 28 | M65: 28
I66: =SUM(I60:I65) -> 19816.24
Y67: =SUM(Y60:Y65) -> 0
A74: =SUM(A60:A73) -> 5633.66 | B74: =SUM(B60:B73) -> 5508.66 | C74: =SUM(C60:C73) -> 5123.36 | D74: =SUM(D60:D73) -> 6632.33 | E74: =SUM(E60:E73) -> 240 | F74: =SUM(F60:F73) -> 5662.7 | G74: =SUM(G60:G73) -> 5643.06 | H74: =SUM(A74:G74)+I66 -> 54260.01 | I74: OASys Value | K74: =SUM(K61:K73) -> 6432 | L74: =SUM(L61:L73) -> 35 | M74: =SUM(M61:M73) -> 6670 | N74: =SUM(N61:N73) -> 95 | O74: =SUM(O61:O73) -> 6154 | P74: =SUM(P61:P73) -> 102.5 | Q74: =SUM(Q61:Q73) -> 4434 | R74: =SUM(R61:R73) -> 432.5 | ... X74: =SUM(X61:X73) -> 102.5 | Y74: =K75+M75+O75+Q75+S75+U75+W75 -> 31537.3
A75: 5633.66 | B75: 5508.66 | C75: 5123.36 | D75: 6632.33 | E75: 240 | F75: 5662.7 | G75: 5643.06 | H75: =SUM(A75:G75)+I66 -> 54260.01 | I75: Payroll Value | K75: 6432 | L75: 35 | M75: 6670 | N75: 95 | O75: 6154 | P75: 102.5 | Q75: 4434 | R75: 432.5 | S75: 844 | T75: 844 | U75: 6502 | V75: 6502 | W75: 501.3 | X75: 102.5 | Y75: =L75+N75+P75+R75+T75+V75+X75 -> 8113.5
A76: =A74-A75 -> 0 | B76: =B74-B75 -> 0 | C76: =C74-C75 -> 0 | D76: =D74-D75 -> 0 | E76: =E74-E75 -> 0 | F76: =F74-F75 -> 0 | G76: =G74-G75 -> 0 | K76: =K74-K75 -> 0 | L76: =L74-L75 -> 0 | M76: =M74-M75 -> 0 | N76: =N74-N75 -> 0 | O76: =O74-O75 -> 0 | P76: =P74-P75 -> 0 | Q76: =Q74-Q75 -> 0 | R76: =R74-R75 -> 0 | ... X76: =X74-X75 -> 0

Sheet March 2024
A1: 45350 | B1: 45351 | C1: 45352 | D1: 45353 | E1: 45354 | F1: 45355 | G1: 45356 | I1: Registers | K1: 45350 | M1: 45351 | O1: 45352 | Q1: 45353 | S1: 45354 | U1: 45355 | W1: 45356
A2: 1104.39 | B2: 1155 | C2: 1407.82 | D2: 875 | E2: 615 | F2: 960 | G2: 1090 | I2: 5922.75 | K2: Jobsheets | L2: Cash Vouchers | M2: Jobsheets | N2: Cash Vouchers | O2: Jobsheets | P2: Cash Vouchers | Q2: Jobsheets | R2: Cash Vouchers | S2: Jobsheets | T2: Cash Vouchers | U2: Jobsheets | V2: Cash Vouchers | W2: Jobsheets | X2: Cash Vouchers
A3: 2650 | B3: 530 | C3: 3060 | D3: 1675 | F3: 2525 | G3: 2710 | I3: 3605 | K3: 840 | L3: 120 | M3: 23 | N3: 45 | O3: 685 | P3: 441.5 | Q3: 24 | R3: 40 | S3: 450 | T3: 15 | U3: 490 | V3: 1500 | W3: 420 | X3: 35
A4: 870 | B4: 770 | C4: 590 | D4: 1924.24 | F4: 1897.7 | G4: 1608.06 | I4: 5605.51 | K4: 4660 | L4: 42.5 | M4: 315 | N4: 1594 | O4: 5023 | P4: 60 | Q4: 240 | S4: 84 | U4: 417 | V4: 50 | W4: 432 | X4: 43
B5: 205 | I5: 4005.15 | K5: 318 | L5: 50 | M5: 4635 | O5: 480 | Q5: 336 | U5: 5880 | W5: 4610 | X5: 60
B6: 380 | I6: 740 | K6: 360 | M6: 450 | Q6: 2600 | U6: 420 | W6: 840 | X6: 1620
B7: 570 | I7: 546.14 | M7: 790 | Q7: 420
B8: 105 | I8: =SUM(I2:I7) -> 20424.55 | Q8: 24
B9: 1094.45 | Y9: =SUM(Y2:Y7) -> 0
B10: 546.14
B11: 242.77
A16: =SUM(A2:A15) -> 4624.39 | B16: =SUM(B2:B15) -> 5598.36 | C16: =SUM(C2:C15) -> 5057.82 | D16: =SUM(D2:D15) -> 4474.24 | E16: =SUM(E2:E15) -> 615 | F16: =SUM(F2:F15) -> 5382.7 | G16: =SUM(G2:G15) -> 5408.06 | H16: =SUM(A16:G16)+I8 -> 51585.12 | I16: OASys Value | K16: =SUM(K3:K15) -> 6178 | L16: =SUM(L3:L15) -> 212.5 | M16: =SUM(M3:M15) -> 6213 | N16: =SUM(N3:N15) -> 1639 | O16: =SUM(O3:O15) -> 6188 | P16: =SUM(P3:P15) -> 501.5 | Q16: =SUM(Q3:Q15) -> 3644 | R16: =SUM(R3:R15) -> 40 | ... X16: =SUM(X3:X15) -> 1758 | Y16: =K17+M17+O17+Q17+S17+U17+W17 -> 36266
A17: 4624.39 | B17: 5598.36 | C17: 5057.82 | D17: 4474.24 | E17: 615 | F17: 5382.7 | G17: 5408.06 | H17: =SUM(A17:G17)+I8 -> 51585.12 | I17: Payroll Value | K17: 6178 | L17: 212.5 | M17: 6213 | N17: 1639 | O17: 6188 | P17: 501.5 | Q17: 3644 | R17: 40 | S17: 534 | T17: 15 | U17: 7207 | V17: 1550 | W17: 6302 | X17: 1758 | Y17: =L17+N17+P17+R17+T17+V17+X17 -> 5716
A18: =A16-A17 -> 0 | B18: =B16-B17 -> 0 | C18: =C16-C17 -> 0 | D18: =D16-D17 -> 0 | E18: =E16-E17 -> 0 | F18: =F16-F17 -> 0 | G18: =G16-G17 -> 0 | K18: =K16-K17 -> 0 | L18: =L16-L17 -> 0 | M18: =M16-M17 -> 0 | N18: =N16-N17 -> 0 | O18: =O16-O17 -> 0 | P18: =P16-P17 -> 0 | Q18: =Q16-Q17 -> 0 | R18: =R16-R17 -> 0 | ... X18: =X16-X17 -> 0
A20: 45357 | B20: 45358 | C20: 45359 | D20: 45360 | E20: 45361 | F20: 45362 | G20: 45363 | I20: Registers | K20: 45357 | M20: 45358 | O20: 45359 | Q20: 45360 | S20: 45361 | U20: 45362 | W20: 45363
A21: 1210 | B21: 1390 | C21: 435 | D21: 830 | E21: 410 | F21: 945 | G21: 1381.92 | I21: 4005.15 | K21: Jobsheets | L21: Cash Vouchers | M21: Jobsheets | N21: Cash Vouchers | O21: Jobsheets | P21: Cash Vouchers | Q21: Jobsheets | R21: Cash Vouchers | S21: Jobsheets | T21: Cash Vouchers | U21: Jobsheets | V21: Cash Vouchers | W21: Jobsheets | X21: Cash Vouchers
A22: 2860 | B22: 3675 | C22: 2340 | D22: 1650 | F22: 2865 | G22: 2810 | I22: 6712.45 | K22: 360 | L22: 35 | M22: 23 | N22: 35 | O22: 660 | P22: 35 | Q22: 28 | R22: 110 | S22: 84 | T22: 15 | U22: 495 | V22: 42.5 | W22: 720 | X22: 180
A23: 1881.13 | B23: 1693 | C23: 1608.06 | D23: 776.74 | F23: 1747.7 | G23: 1090 | I23: 3030 | K23: 301 | L23: 120 | M23: 230 | N23: 382.5 | O23: 204 | P23: 60 | Q23: 240 | S23: 610 | U23: 408 | V23: 460 | W23: 4500 | X23: 42.5
I24: 230.6 | K24: 4480 | M24: 417 | O24: 4700 | Q24: 476 | U24: 5295 | V24: 60 | W24: 462
I25: 3948.5 | K25: 360 | M25: 5010 | O25: 720 | Q25: 3330 | U25: 600 | W25: 600
I26: 1341.47 | M26: 720
I27: =SUM(I21:I26) -> 19268.17
Y28: =SUM(Y21:Y26) -> 0
A35: =SUM(A21:A34) -> 5951.13 | B35: =SUM(B21:B34) -> 6758 | C35: =SUM(C21:C34) -> 4383.06 | D35: =SUM(D21:D34) -> 3256.74 | E35: =SUM(E21:E34) -> 410 | F35: =SUM(F21:F34) -> 5557.7 | G35: =SUM(G21:G34) -> 5281.92 | H35: =SUM(A35:G35)+I27 -> 50866.72 | I35: OASys Value | K35: =SUM(K22:K34) -> 5501 | L35: =SUM(L22:L34) -> 155 | M35: =SUM(M22:M34) -> 6400 | N35: =SUM(N22:N34) -> 417.5 | O35: =SUM(O22:O34) -> 6284 | P35: =SUM(P22:P34) -> 95 | Q35: =SUM(Q22:Q34) -> 4074 | R35: =SUM(R22:R34) -> 110 | ... X35: =SUM(X22:X34) -> 222.5 | Y35: =K36+M36+O36+Q36+S36+U36+W36 -> 36033
A36: 5951.13 | B36: 6758 | C36: 4383.06 | D36: 3256.74 | E36: 410 | F36: 5557.7 | G36: 5281.92 | H36: =SUM(A36:G36)+I27 -> 50866.72 | I36: Payroll Value | K36: 5501 | L36: 155 | M36: 6400 | N36: 417.5 | O36: 6284 | P36: 95 | Q36: 4074 | R36: 110 | S36: 694 | T36: 15 | U36: 6798 | V36: 562.5 | W36: 6282 | X36: 222.5 | Y36: =L36+N36+P36+R36+T36+V36+X36 -> 1577.5
A37: =A35-A36 -> 0 | B37: =B35-B36 -> 0 | C37: =C35-C36 -> 0 | D37: =D35-D36 -> 0 | E37: =E35-E36 -> 0 | F37: =F35-F36 -> 0 | G37: =G35-G36 -> 0 | K37: =K35-K36 -> 0 | L37: =L35-L36 -> 0 | M37: =M35-M36 -> 0 | N37: =N35-N36 -> 0 | O37: =O35-O36 -> 0 | P37: =P35-P36 -> 0 | Q37: =Q35-Q36 -> 0 | R37: =R35-R36 -> 0 | ... X37: =X35-X36 -> 0
A42: 45364 | B42: 45365 | C42: 45366 | D42: 45367 | E42: 45368 | F42: 45369 | G42: 45370 | I42: Registers | K42: 45364 | M42: 45365 | O42: 45366 | Q42: 45367 | S42: 45368 | U42: 45369 | W42: 45370
A43: 2086.19 | B43: 1210 | C43: 955 | D43: 870 | E43: 495 | F43: 1195 | G43: 1275 | I43: 5922.75 | K43: Jobsheets | L43: Cash Vouchers | M43: Jobsheets | N43: Cash Vouchers | O43: Jobsheets | P43: Cash Vouchers | Q43: Jobsheets | R43: Cash Vouchers | S43: Jobsheets | T43: Cash Vouchers | U43: Jobsheets | V43: Cash Vouchers | W43: Jobsheets | X43: Cash Vouchers
A44: 3035 | B44: 2425 | C44: 2275 | D44: 1070 | F44: 2845 | G44: 2405 | I44: 3317.5 | K44: 360 | L44: 42.5 | M44: 305 | N44: 32.5 | O44: 395 | P44: 50 | Q44: 204 | R44: 70 | S44: 84 | T44: 15 | U44: 245 | V44: 184.9 | W44: 305 | X44: 328.5
A45: 1180 | B45: 1897.7 | C45: 1893.36 | D45: 1177.86 | F45: 2093.6 | G45: 1693.12 | I45: 5289.97 | K45: 4270 | L45: 60 | M45: 429 | O45: 204 | P45: 60 | Q45: 180 | R45: 2040 | S45: 550 | U45: 336 | V45: 60 | W45: 456 | X45: 57.5
C46: 240 | I46: 3738.14 | K46: 464.5 | M46: 4685 | O46: 4745 | Q46: 2660 | U46: 4805 | W46: 4575 | X46: 382.5
I47: 315.54 | K47: 280 | M47: 540 | O47: 660 | U47: 480 | W47: 480 | X47: 1680
I49: =SUM(I43:I48) -> 18583.9
Y50: =SUM(Y43:Y48) -> 0
A57: =SUM(A43:A56) -> 6301.19 | B57: =SUM(B43:B56) -> 5532.7 | C57: =SUM(C43:C56) -> 5363.36 | D57: =SUM(D43:D56) -> 3117.86 | E57: =SUM(E43:E56) -> 495 | F57: =SUM(F43:F56) -> 6133.6 | G57: =SUM(G43:G56) -> 5373.12 | H57: =SUM(A57:G57)+I49 -> 50900.73 | I57: OASys Value | K57: =SUM(K44:K56) -> 5374.5 | L57: =SUM(L44:L56) -> 102.5 | M57: =SUM(M44:M56) -> 5959 | N57: =SUM(N44:N56) -> 32.5 | O57: =SUM(O44:O56) -> 6004 | P57: =SUM(P44:P56) -> 110 | Q57: =SUM(Q44:Q56) -> 3044 | R57: =SUM(R44:R56) -> 2110 | ... X57: =SUM(X44:X56) -> 2448.5 | Y57: =K58+M58+O58+Q58+S58+U58+W58 -> 32697.5
A58: 6301.19 | B58: 5532.7 | C58: =5123.36+240 -> 5363.36 | D58: 3117.86 | E58: 495 | F58: 6133.6 | G58: 5373.12 | H58: =SUM(A58:G58)+I49 -> 50900.73 | I58: Payroll Value | K58: 5374.5 | L58: 102.5 | M58: 5959 | N58: 32.5 | O58: 6004 | P58: 110 | Q58: 3044 | R58: 2110 | S58: 634 | T58: 15 | U58: 5866 | V58: 244.9 | W58: 5816 | X58: 2448.5 | Y58: =L58+N58+P58+R58+T58+V58+X58 -> 5063.4
A59: =A57-A58 -> 0 | B59: =B57-B58 -> 0 | C59: =C57-C58 -> 0 | D59: =D57-D58 -> 0 | E59: =E57-E58 -> 0 | F59: =F57-F58 -> 0 | G59: =G57-G58 -> 0 | K59: =K57-K58 -> 0 | L59: =L57-L58 -> 0 | M59: =M57-M58 -> 0 | N59: =N57-N58 -> 0 | O59: =O57-O58 -> 0 | P59: =P57-P58 -> 0 | Q59: =Q57-Q58 -> 0 | R59: =R57-R58 -> 0 | ... X59: =X57-X58 -> 0
A61: 45371 | B61: 45372 | C61: 45373 | D61: 45374 | E61: 45375 | F61: 45376 | G61: 45377 | I61: Registers | K61: 45371 | M61: 45372 | O61: 45373 | Q61: 45374 | S61: 45375 | U61: 45376 | W61: 45377
A62: 1735.59 | B62: 2750 | C62: 1060 | D62: 1075 | E62: 580 | F62: 1000 | G62: 1224.15 | I62: 2937.5 | K62: Jobsheets | L62: Cash Vouchers | M62: Jobsheets | N62: Cash Vouchers | O62: Jobsheets | P62: Cash Vouchers | Q62: Jobsheets | R62: Cash Vouchers | S62: Jobsheets | T62: Cash Vouchers | U62: Jobsheets | V62: Cash Vouchers | W62: Jobsheets | X62: Cash Vouchers
A63: 2630 | B63: 1245 | C63: 2490 | D63: 1945 | F63: 3040 | G63: 157.77 | I63: 5922.75 | K63: 360 | L63: 20 | M63: 4395 | N63: 27.5 | O63: 390 | P63: 57.5 | Q63: 174 | R63: 40 | S63: 480 | T63: 15 | U63: 365 | V63: 67.5 | W63: 360 | X63: 50
A64: 1365 | C64: 2085.83 | D64: 2282.37 | F64: 1674.99 | G64: 2885 | I64: 5605.51 | K64: 4360 | L64: 15 | M64: 441 | N64: 60 | O64: 252 | P64: 60 | Q64: 336 | S64: 84 | U64: 351 | W64: 4765 | X64: 24
G65: 1235 | I65: 4005.15 | K65: 294 | M65: 275 | O65: 4890 | Q65: 2810 | U65: 5235 | W65: 456 | X65: 60
I66: 370 | K66: 250 | M66: 23 | O66: 480 | Q66: 300 | U66: 660 | W66: 375
I67: 1523.12 | K67: 27
I68: =SUM(I62:I67) -> 20364.03
Y69: =SUM(Y62:Y67) -> 0
A76: =SUM(A62:A75) -> 5730.59 | B76: =SUM(B62:B75) -> 3995 | C76: =SUM(C62:C75) -> 5635.83 | D76: =SUM(D62:D75) -> 5302.37 | E76: =SUM(E62:E75) -> 580 | F76: =SUM(F62:F75) -> 5714.99 | G76: =SUM(G62:G75) -> 5501.92 | H76: =SUM(A76:G76)+I68 -> 52824.73 | I76: OASys Value | K76: =SUM(K63:K75) -> 5291 | L76: =SUM(L63:L75) -> 35 | M76: =SUM(M63:M75) -> 5134 | N76: =SUM(N63:N75) -> 87.5 | O76: =SUM(O63:O75) -> 6012 | P76: =SUM(P63:P75) -> 117.5 | Q76: =SUM(Q63:Q75) -> 3620 | R76: =SUM(R63:R75) -> 40 | ... X76: =SUM(X63:X75) -> 134 | Y76: =K77+M77+O77+Q77+S77+U77+W77 -> 33106
A77: 5730.59 | B77: 3995 | C77: 5635.83 | D77: 5302.37 | E77: 580 | F77: =5714.99 -> 5714.99 | G77: 5501.92 | H77: =SUM(A77:G77)+I68 -> 52824.73 | I77: Payroll Value | K77: 5291 | L77: 35 | M77: 5134 | N77: 87.5 | O77: 6012 | P77: 117.5 | Q77: 3620 | R77: 40 | S77: 564 | T77: 15 | U77: 6611 | V77: 67.5 | W77: 5874 | X77: 134 | Y77: =L77+N77+P77+R77+T77+V77+X77 -> 496.5
A78: =A76-A77 -> 0 | B78: =B76-B77 -> 0 | C78: =C76-C77 -> 0 | D78: =D76-D77 -> 0 | E78: =E76-E77 -> 0 | F78: =F76-F77 -> 0 | G78: =G76-G77 -> 0 | K78: =K76-K77 -> 0 | L78: =L76-L77 -> 0 | M78: =M76-M77 -> 0 | N78: =N76-N77 -> 0 | O78: =O76-O77 -> 0 | P78: =P76-P77 -> 0 | Q78: =Q76-Q77 -> 0 | R78: =R76-R77 -> 0 | ... X78: =X76-X77 -> 0
A81: 45378 | B81: 45379 | C81: 45380 | D81: 45381 | E81: 45382 | F81: 45383 | G81: 45384 | I81: Registers | K81: 45378 | L81: 45378 | M81: 45379 | N81: 45379 | O81: 45380 | P81: 45380 | Q81: 45381 | R81: 45381 | S81: 45382 | T81: 45382 | U81: 45383 | V81: 45383 | W81: 45384 | X81: 45384
A82: 1547.46 | B82: 1497.22 | C82: 1125 | D82: 770 | E82: 615 | F82: 2990 | G82: 1250 | I82: 3215 | K82: Jobsheets | L82: Cash Vouchers | M82: Jobsheets | N82: Cash Vouchers | O82: Jobsheets | P82: Cash Vouchers | Q82: Jobsheets | R82: Cash Vouchers | S82: Jobsheets | T82: Cash Vouchers | U82: Jobsheets | V82: Cash Vouchers | W82: Jobsheets | X82: Cash Vouchers
A83: 3250 | B83: 2885 | C83: 2445 | D83: 1660 | F83: 1190 | G83: 2930 | I83: 6712.45 | K83: 980 | L83: 60 | M83: 500 | N83: 32.5 | O83: 204 | P83: 50 | Q83: 210 | R83: 25 | S83: 84 | U83: 400 | V83: 42.5 | W83: 365 | X83: 409.5
A84: 1020 | B84: 865 | D84: 1044.43 | G84: 1697.46 | I84: 5763.28 | K84: 4480 | L84: 42.5 | M84: 4840 | N84: 60 | O84: 335 | Q84: 336 | R84: 1140 | S84: 450 | U84: 369 | V84: 1540 | W84: 456 | X84: 399.5
I85: 4005.15 | K85: 333 | M85: 441 | O85: 4545 | Q85: 2670 | U85: 4790 | W85: 4855 | X85: 180
I86: 746.38 | K86: 340 | M86: 340 | Q86: 420 | W86: 740
I88: =SUM(I82:I87) -> 20442.26
Y89: =SUM(Y82:Y87) -> 0
X90: 0
A96: =SUM(A82:A95) -> 5817.46 | B96: =SUM(B82:B95) -> 5247.22 | C96: =SUM(C82:C95) -> 3570 | D96: =SUM(D82:D95) -> 3474.43 | E96: =SUM(E82:E95) -> 615 | F96: =SUM(F82:F95) -> 4180 | G96: =SUM(G82:G95) -> 5877.46 | H96: =SUM(A96:G96)+I88 -> 49223.83 | I96: OASys Value | K96: =SUM(K83:K95) -> 6133 | L96: =SUM(L83:L95) -> 102.5 | M96: =SUM(M83:M95) -> 6121 | N96: =SUM(N83:N95) -> 92.5 | O96: =SUM(O83:O95) -> 5084 | P96: =SUM(P83:P95) -> 50 | Q96: =SUM(Q83:Q95) -> 3636 | R96: =SUM(R83:R95) -> 1165 | ... X96: =SUM(X83:X95) -> 989 | Y96: =K97+M97+O97+Q97+S97+U97+W97 -> 33583
A97: 5817.46 | B97: 5247.22 | C97: 3570 | D97: 3474.43 | E97: 615 | F97: 4180 | G97: 5877.46 | H97: =SUM(A97:G97)+I88 -> 49223.83 | I97: Payroll Value | K97: 6233 | L97: 102.5 | M97: 6121 | N97: 92.5 | O97: 5084 | P97: 50 | Q97: 3636 | R97: 1165 | S97: 534 | T97: 0 | U97: 5559 | V97: 1582.5 | W97: 6416 | X97: 989 | Y97: =L97+N97+P97+R97+T97+V97+X97 -> 3981.5
A98: =A96-A97 -> 0 | B98: =B96-B97 -> 0 | C98: =C96-C97 -> 0 | D98: =D96-D97 -> 0 | E98: =E96-E97 -> 0 | F98: =F96-F97 -> 0 | G98: =G96-G97 -> 0 | K98: =K96-K97 -> -100 | L98: =L96-L97 -> 0 | M98: =M96-M97 -> 0 | N98: =N96-N97 -> 0 | O98: =O96-O97 -> 0 | P98: =P96-P97 -> 0 | Q98: =Q96-Q97 -> 0 | R98: =R96-R97 -> 0 | ... X98: =X96-X97 -> 0
A101: 45385 | B101: 45386 | C101: 45387 | D101: 45388 | E101: 45389 | F101: 45390 | G101: 45391 | I101: Registers | K101: 45385 | L101: 45385 | M101: 45386 | N101: 45386 | O101: 45387 | P101: 45387 | Q101: 45388 | R101: 45388 | S101: 45389 | T101: 45389 | U101: 45390 | V101: 45390 | W101: 45391 | X101: 45391
A102: 995 | B102: 1065 | C102: 1125 | D102: 635 | E102: 530 | F102: 1245 | G102: 1928.06 | I102: 4005.15 | K102: Jobsheets | L102: Cash Vouchers | M102: Jobsheets | N102: Cash Vouchers | O102: Jobsheets | P102: Cash Vouchers | Q102: Jobsheets | R102: Cash Vouchers | S102: Jobsheets | T102: Cash Vouchers | U102: Jobsheets | V102: Cash Vouchers | W102: Jobsheets | X102: Cash Vouchers
A103: 2950 | B103: 3910 | C103: 2640 | D103: 1220 | F103: 2510 | G103: 2670 | I103: 3948.5 | K103: 29 | L103: 253.5 | M103: 435 | N103: 234.5 | O103: 335 | P103: 50 | Q103: 300 | R103: 2370 | S103: 84 | U103: 270 | V103: 42.5 | W103: 500 | X103: 17.5
A104: 1492.76 | B104: 1589.93 | C104: 1432.16 | D104: 1894 | F104: 1662.76 | G104: 1185 | I104: 1183.7 | K104: 455 | L104: 60 | M104: 447 | O104: 234 | P104: 60 | Q104: 336 | R104: 95 | S104: 520 | U104: 296 | W104: 4970 | X104: 140
I105: 6317.6 | K105: 354 | M105: 5555 | O105: 4375 | P105: 600 | Q105: 2470 | U105: 3580 | W105: 614 | X105: 220
I106: 3975 | K106: 4925 | M106: 740 | O106: 800 | U106: 680 | W106: 390
K107: 380 | W107: 23
I108: =SUM(I102:I107) -> 19429.95
Y109: =SUM(Y102:Y107) -> 0
A116: =SUM(A102:A115) -> 5437.76 | B116: =SUM(B102:B115) -> 6564.93 | C116: =SUM(C102:C115) -> 5197.16 | D116: =SUM(D102:D115) -> 3749 | E116: =SUM(E102:E115) -> 530 | F116: =SUM(F102:F115) -> 5417.76 | G116: =SUM(G102:G115) -> 5783.06 | H116: =SUM(A116:G116)+I108 -> 52109.62 | I116: OASys Value | K116: =SUM(K103:K115) -> 6143 | L116: =SUM(L103:L115) -> 313.5 | M116: =SUM(M103:M115) -> 7177 | N116: =SUM(N103:N115) -> 234.5 | O116: =SUM(O103:O115) -> 5744 | P116: =SUM(P103:P115) -> 710 | Q116: =SUM(Q103:Q115) -> 3106 | R116: =SUM(R103:R115) -> 2465 | ... X116: =SUM(X103:X115) -> 377.5 | Y116: =K117+M117+O117+Q117+S117+U117+W117 -> 34097
A117: 5437.76 | B117: 6564.93 | C117: 5197.16 | D117: 3749 | E117: 530 | F117: 5417.76 | G117: 5783.06 | H117: =SUM(A117:G117)+I108 -> 52109.62 | I117: Payroll Value | K117: 6143 | L117: 313.5 | M117: 7177 | N117: 234.5 | O117: 5744 | P117: 710 | Q117: 3106 | R117: 2465 | S117: 604 | T117: 0 | U117: 4826 | V117: 42.5 | W117: 6497 | X117: 377.5 | Y117: =L117+N117+P117+R117+T117+V117+X117 -> 4143
A118: =A116-A117 -> 0 | B118: =B116-B117 -> 0 | C118: =C116-C117 -> 0 | D118: =D116-D117 -> 0 | E118: =E116-E117 -> 0 | F118: =F116-F117 -> 0 | G118: =G116-G117 -> 0 | K118: =K116-K117 -> 0 | L118: =L116-L117 -> 0 | M118: =M116-M117 -> 0 | N118: =N116-N117 -> 0 | O118: =O116-O117 -> 0 | P118: =P116-P117 -> 0 | Q118: =Q116-Q117 -> 0 | R118: =R116-R117 -> 0 | ... X118: =X116-X117 -> 0

Sheet April 2024
A2: 45385 | B2: 45386 | C2: 45387 | D2: 45388 | E2: 45389 | F2: 45390 | G2: 45391 | K2: 45385 | M2: 45386 | O2: 45387 | Q2: 45388 | S2: 45389 | U2: 45390 | W2: 45391
A3: 995 | B3: 1065 | C3: 1125 | D3: 635 | E3: 530 | F3: 1245 | G3: 1928.06 | I3: 4005.15 | K3: Jobsheets | L3: Cash Vouchers | M3: Jobsheets | N3: Cash Vouchers | O3: Jobsheets | P3: Cash Vouchers | Q3: Jobsheets | R3: Cash Vouchers | S3: Jobsheets | T3: Cash Vouchers | U3: Jobsheets | V3: Cash Vouchers | W3: Jobsheets | X3: Cash Vouchers
A4: 2950 | B4: 3910 | C4: 2640 | D4: 1220 | F4: 2510 | G4: 2670 | I4: 3948.5 | K4: 29 | L4: 253.5 | M4: 435 | N4: 234.5 | O4: 335 | P4: 50 | Q4: 300 | R4: 2370 | S4: 84 | U4: 270 | V4: 42.5 | W4: 500 | X4: 140
A5: 1492.76 | B5: 1589.93 | C5: 1432.16 | D5: 1894 | F5: 1662.76 | G5: 1185 | I5: 1183.7 | K5: 455 | L5: 60 | M5: 447 | O5: 234 | P5: 60 | Q5: 336 | R5: 95 | S5: 520 | U5: 296 | W5: 4970
I6: 6317.6 | K6: 354 | M6: 5555 | O6: 4375 | P6: 600 | Q6: 2470 | U6: 3580 | W6: 614 | X6: 237.5
I7: 3975 | K7: 4925 | M7: 740 | O7: 800 | U7: 680 | W7: 390
K8: 380 | W8: 23
I9: =SUM(I3:I8) -> 19429.95
A17: =SUM(A3:A16) -> 5437.76 | B17: =SUM(B3:B16) -> 6564.93 | C17: =SUM(C3:C16) -> 5197.16 | D17: =SUM(D3:D16) -> 3749 | E17: =SUM(E3:E16) -> 530 | F17: =SUM(F3:F16) -> 5417.76 | G17: =SUM(G3:G16) -> 5783.06 | H17: =SUM(A17:G17)+I9 -> 52109.62 | I17: OASys Value | K17: =SUM(K4:K16) -> 6143 | L17: =SUM(L4:L16) -> 313.5 | M17: =SUM(M4:M16) -> 7177 | N17: =SUM(N4:N16) -> 234.5 | O17: =SUM(O4:O16) -> 5744 | P17: =SUM(P4:P16) -> 710 | Q17: =SUM(Q4:Q16) -> 3106 | R17: =SUM(R4:R16) -> 2465 | ... X17: =SUM(X4:X16) -> 377.5
A18: 5437.76 | B18: 6564.93 | C18: 5197.16 | D18: 3749 | E18: 530 | F18: 5417.76 | G18: 5783.06 | H18: =SUM(A18:G18)+I9 -> 52109.62 | I18: Payroll Value | K18: 6143 | L18: 313.5 | M18: 7177 | N18: 234.5 | O18: 5744 | P18: 710 | Q18: 3106 | R18: 2465 | S18: 604 | T18: 0 | U18: 4826 | V18: 42.5 | W18: 6497 | X18: 377.5
A19: =A17-A18 -> 0 | B19: =B17-B18 -> 0 | C19: =C17-C18 -> 0 | D19: =D17-D18 -> 0 | E19: =E17-E18 -> 0 | F19: =F17-F18 -> 0 | G19: =G17-G18 -> 0 | K19: =K17-K18 -> 0 | L19: =L17-L18 -> 0 | M19: =M17-M18 -> 0 | N19: =N17-N18 -> 0 | O19: =O17-O18 -> 0 | P19: =P17-P18 -> 0 | Q19: =Q17-Q18 -> 0 | R19: =R17-R18 -> 0 | ... X19: =X17-X18 -> 0
A21: 45392 | B21: 45393 | C21: 45394 | D21: 45395 | E21: 45396 | F21: 45397 | G21: 45398 | K21: 45392 | M21: 45393 | O21: 45394 | Q21: 45395 | S21: 45396 | U21: 45397 | W21: 45398
A22: 1125 | B22: 1080 | C22: 1020 | D22: 920 | E22: 410 | F22: 1547.46 | G22: 1195 | I22: 4395 | K22: Jobsheets | L22: Cash Vouchers | M22: Jobsheets | N22: Cash Vouchers | O22: Jobsheets | P22: Cash Vouchers | Q22: Jobsheets | R22: Cash Vouchers | S22: Jobsheets | T22: Cash Vouchers | U22: Jobsheets | V22: Cash Vouchers | W22: Jobsheets | X22: Cash Vouchers
A23: =2805 -> 2805 | B23: 2530 | C23: 2600 | D23: 1670 | F23: 2960 | G23: 2220 | I23: 5922.75 | K23: 370 | L23: 57.5 | M23: 340 | N23: 409.5 | O23: 286 | P23: 57.5 | Q23: 28 | R23: 117.5 | S23: 84 | T23: 15 | U23: 740 | V23: 42.5 | W23: 26 | X23: 57.5
A24: 1935.83 | B24: 1589.93 | C24: 1863 | D24: 1796.19 | F24: 1080 | G24: 1547.46 | I24: 631.08 | K24: 300 | L24: 1530 | M24: 480 | N24: 124.9 | O24: 3610 | P24: 437.9 | Q24: 210 | R24: 1680 | S24: 620 | U24: 4005 | V24: 210 | W24: 335 | X24: 800
I25: 5289.97 | K25: 3410 | L25: 3580 | M25: 3890 | O25: 1100 | P25: 60 | Q25: 464 | U25: 387 | W25: 456
I26: 4005.15 | K26: 500 | M26: 500 | O26: 370 | Q26: 3300 | U26: 395 | W26: 3695
I27: 370 | Q27: 240 | W27: 740
I28: =SUM(I22:I27) -> 20613.95
A36: =SUM(A22:A35) -> 5865.83 | B36: =SUM(B22:B35) -> 5199.93 | C36: =SUM(C22:C35) -> 5483 | D36: =SUM(D22:D35) -> 4386.19 | E36: =SUM(E22:E35) -> 410 | F36: =SUM(F22:F35) -> 5587.46 | G36: =SUM(G22:G35) -> 4962.46 | H36: =SUM(A36:G36)+I28 -> 52508.82 | I36: OASys Value | K36: =SUM(K23:K35) -> 4580 | L36: =SUM(L23:L35) -> 5167.5 | M36: =SUM(M23:M35) -> 5210 | N36: =SUM(N23:N35) -> 534.4 | O36: =SUM(O23:O35) -> 5366 | P36: =SUM(P23:P35) -> 555.4 | Q36: =SUM(Q23:Q35) -> 4242 | R36: =SUM(R23:R35) -> 1797.5 | ... X36: =SUM(X23:X35) -> 857.5
A37: 5865.83 | B37: 5199.93 | C37: 5483 | D37: 4386.19 | E37: 410 | F37: 5587.46 | G37: 4962.46 | H37: =SUM(A37:G37)+I28 -> 52508.82 | I37: Payroll Value | K37: 4580 | L37: 5167.5 | M37: 5210 | N37: 534.4 | O37: 5366 | P37: 555.4 | Q37: 4242 | R37: 1797.5 | S37: 704 | T37: 15 | U37: 5527 | V37: 42.5 | W37: 5252 | X37: 857.5
A38: =A36-A37 -> 0 | B38: =B36-B37 -> 0 | C38: =C36-C37 -> 0 | D38: =D36-D37 -> 0 | E38: =E36-E37 -> 0 | F38: =F36-F37 -> 0 | G38: =G36-G37 -> 0 | H38: =H36-H37 -> 0 | K38: =K36-K37 -> 0 | L38: =L36-L37 -> 0 | M38: =M36-M37 -> 0 | N38: =N36-N37 -> 0 | O38: =O36-O37 -> 0 | P38: =P36-P37 -> 0 | Q38: =Q36-Q37 -> 0 | R38: =R36-R37 -> 0 | ... X38: =X36-X37 -> 0
A41: 45399 | B41: 45400 | C41: 45401 | D41: 45402 | E41: 45403 | F41: 45404 | G41: 45405 | K41: 45399 | M41: 45400 | O41: 45401 | Q41: 45402 | S41: 45403 | U41: 45404 | W41: 45405
A42: 1165 | B42: 935 | C42: 850 | D42: 860 | E42: 240 | F42: 975 | G42: 1170 | I42: 5922.75 | K42: Jobsheets | L42: Cash Vouchers | M42: Jobsheets | N42: Cash Vouchers | O42: Jobsheets | P42: Cash Vouchers | Q42: Jobsheets | R42: Cash Vouchers | S42: Jobsheets | T42: Cash Vouchers | U42: Jobsheets | V42: Cash Vouchers | W42: Jobsheets | X42: Cash Vouchers
A43: 2610 | B43: 2555 | C43: 2130 | D43: 1375 | F43: 3135 | G43: 2730 | I43: 4117.5 | K43: 340 | L43: 35 | M43: 430 | N43: 35 | O43: 395 | P43: 50 | Q43: 28 | R43: 98 | S43: 84 | U43: 370 | V43: 25 | W43: 26 | X43: 50
A44: 1274.39 | B44: 1589.93 | C44: 1589.93 | D44: 1894 | F44: 788.85 | G44: 1104.39 | I44: 5289.97 | K44: 289 | L44: 170 | M44: 429 | O44: 210 | P44: 120 | Q44: 270 | R44: 170 | S44: 760 | U44: 343 | V44: 85 | W44: 305 | X44: 80
I45: 1110 | K45: 3220 | M45: 3430 | O45: 3695 | Q45: 300 | R45: 780 | U45: 4130 | W45: 474 | X45: 409.5
I46: 4709.8 | K46: 760 | M46: 620 | O46: 1100 | Q46: 1900 | U46: 720 | W46: 3575
I47: 861.68 | W47: 960
I48: =SUM(I42:I47) -> 22011.7
A56: =SUM(A42:A55) -> 5049.39 | B56: =SUM(B42:B55) -> 5079.93 | C56: =SUM(C42:C55) -> 4569.93 | D56: =SUM(D42:D55) -> 4129 | E56: =SUM(E42:E55) -> 240 | F56: =SUM(F42:F55) -> 4898.85 | G56: =SUM(G42:G55) -> 5004.39 | H56: =SUM(A56:G56)+I48 -> 50983.19 | I56: OASys Value | K56: =SUM(K43:K55) -> 4609 | L56: =SUM(L43:L55) -> 205 | M56: =SUM(M43:M55) -> 4909 | N56: =SUM(N43:N55) -> 35 | O56: =SUM(O43:O55) -> 5400 | P56: =SUM(P43:P55) -> 170 | Q56: =SUM(Q43:Q55) -> 2498 | R56: =SUM(R43:R55) -> 1048 | ... X56: =SUM(X43:X55) -> 539.5
A57: 5049.39 | B57: 5079.93 | C57: 4569.93 | D57: 4129 | E57: 240 | F57: 4898.85 | G57: 5004.39 | H57: =SUM(A57:G57)+I48 -> 50983.19 | I57: Payroll Value | K57: 4609 | L57: 205 | M57: 4909 | N57: 35 | O57: 5400 | P57: 170 | Q57: 2498 | R57: 1048 | S57: 844 | T57: 0 | U57: 5563 | V57: 110 | W57: 5340 | X57: 539.5
A58: =A56-A57 -> 0 | B58: =B56-B57 -> 0 | C58: =C56-C57 -> 0 | D58: =D56-D57 -> 0 | E58: =E56-E57 -> 0 | F58: =F56-F57 -> 0 | G58: =G56-G57 -> 0 | H58: =H56-H57 -> 0 | K58: =K56-K57 -> 0 | L58: =L56-L57 -> 0 | M58: =M56-M57 -> 0 | N58: =N56-N57 -> 0 | O58: =O56-O57 -> 0 | P58: =P56-P57 -> 0 | Q58: =Q56-Q57 -> 0 | R58: =R56-R57 -> 0 | ... X58: =X56-X57 -> 0
A60: 45406 | B60: 2024/04/2225 | C60: 45408 | D60: 45409 | E60: 45410 | F60: 45411 | G60: 45412 | K60: 45406 | M60: 45407 | O60: 45408 | Q60: 45409 | S60: 45410 | U60: 45411 | W60: 45412
A61: 1115 | B61: 1070 | C61: 1419.93 | D61: 635 | E61: 240 | F61: 1210 | G61: 1285 | I61: 5527.9 | K61: Jobsheets | L61: Cash Vouchers | M61: Jobsheets | N61: Cash Vouchers | O61: Jobsheets | P61: Cash Vouchers | Q61: Jobsheets | R61: Cash Vouchers | S61: Jobsheets | T61: Cash Vouchers | U61: Jobsheets | V61: Cash Vouchers | W61: Jobsheets | X61: Cash Vouchers
A62: 2505 | B62: 2745 | C62: 2875 | D62: 1440 | F62: 3320 | G62: 2750 | I62: 3645 | K62: 364 | L62: 35 | M62: 360 | N62: 425 | O62: 1200 | P62: 50 | Q62: 330 | R62: 42.5 | S62: 84 | U62: 395 | V62: 83 | W62: 370 | X62: 57.5
A63: 1334.99 | B63: 1419.93 | C63: 840 | F63: 1262.16 | G63: 1377.46 | I63: 740 | K63: 327 | M63: 450 | O63: 3470 | P63: 120 | Q63: 318 | S63: 760 | U63: 387 | W63: 474 | X63: 1740
I64: 5605.51 | K64: 3545 | M64: 3480 | O64: 400 | Q64: 2360 | S64: 240 | U64: 3915 | W64: 3320 | X64: 1599
I65: 3471.13 | K65: 960 | M65: 1200 | O65: 292 | U65: ` | W65: 1340
I67: =SUM(I61:I66) -> 18989.54
A75: 4954.99 | B75: =SUM(B61:B74) -> 5234.93 | C75: =SUM(C61:C74) -> 5134.93 | D75: =SUM(D61:D74) -> 2075 | E75: =SUM(E61:E74) -> 240 | F75: =SUM(F61:F74) -> 5792.16 | G75: =SUM(G61:G74) -> 5412.46 | H75: =SUM(A75:G75)+I67 -> 47834.01 | I75: OASys Value | K75: =SUM(K62:K74) -> 5196 | L75: =SUM(L62:L74) -> 35 | M75: =SUM(M62:M74) -> 5490 | N75: =SUM(N62:N74) -> 425 | O75: =SUM(O62:O74) -> 5362 | P75: =SUM(P62:P74) -> 170 | Q75: =SUM(Q62:Q74) -> 3008 | R75: =SUM(R62:R74) -> 42.5 | ... X75: =SUM(X62:X74) -> 3396.5
A76: 4954.99 | B76: 5234.93 | C76: 5134.93 | D76: 2075 | E76: 240 | F76: 5792.16 | G76: 5412.46 | H76: =SUM(A76:G76)+I67 -> 47834.01 | I76: Payroll Value | K76: 5196 | L76: 35 | M76: 5490 | N76: 425 | O76: 5362 | P76: 170 | Q76: 3008 | R76: 42.5 | S76: 844 | T76: 5877 | U76: 5877 | V76: 83 | W76: 5504 | X76: 3396.5
A77: =A75-A76 -> 0 | B77: =B75-B76 -> 0 | C77: =C75-C76 -> 0 | D77: =D75-D76 -> 0 | E77: =E75-E76 -> 0 | F77: =F75-F76 -> 0 | G77: =G75-G76 -> 0 | H77: =H75-H76 -> 0 | K77: =K75-K76 -> 0 | L77: =L75-L76 -> 0 | M77: =M75-M76 -> 0 | N77: =N75-N76 -> 0 | O77: =O75-O76 -> 0 | P77: =P75-P76 -> 0 | Q77: =Q75-Q76 -> 0 | R77: =R75-R76 -> 0 | ... X77: =X75-X76 -> 0
A79: 45532 | B79: 45533 | C79: 45534 | D79: 45535 | E79: 45536 | F79: 45537 | G79: 45507 | K79: 2024/0/28 | M79: 45533 | O79: 45534 | Q79: 2024/0/31 | S79: 45536 | U79: 45537 | W79: 45538
A80: 1105 | B80: 1215 | K80: Jobsheets | L80: Cash Vouchers | M80: Jobsheets | N80: Cash Vouchers | O80: Jobsheets | P80: Cash Vouchers | Q80: Jobsheets | R80: Cash Vouchers | S80: Jobsheets | T80: Cash Vouchers | U80: Jobsheets | V80: Cash Vouchers | W80: Jobsheets | X80: Cash Vouchers
A81: 2825 | B81: 725 | K81: 28 | L81: 70 | M81: 60
A82: 1659.6 | K82: 600 | M82: 1100
K83: 304 | M83: 141
K84: 2330 | M84: 360
K85: 540
I86: =SUM(I80:I85) -> 0
A93: =SUM(A80:A92) -> 5589.6 | B93: =SUM(B80:B92) -> 1940 | C93: =SUM(C80:C92) -> 0 | D93: =SUM(D80:D92) -> 0 | E93: =SUM(E80:E92) -> 0 | F93: =SUM(F80:F92) -> 0 | G93: =SUM(G80:G92) -> 0 | K93: =SUM(K80:K92) -> 3802 | L93: =SUM(L80:L92) -> 70 | M93: =SUM(M80:M92) -> 1661 | N93: =SUM(N80:N92) -> 0 | O93: =SUM(O80:O92) -> 0 | P93: =SUM(P80:P92) -> 0 | Q93: =SUM(Q80:Q92) -> 0 | R93: =SUM(R80:R92) -> 0 | ... W93: =SUM(W80:W92) -> 0
A94: 5589.6 | B94: 2015 | C94: 0 | D94: 0 | E94: 0 | F94: 0 | G94: 0 | H94: =SUM(A94:G94)+I86 -> 7604.6 | I94: OASys Value | K94: 3802 | L94: 70 | M94: 1661 | N94: =SUM(N81:N93) -> 0 | O94: =SUM(O81:O93) -> 0 | P94: =SUM(P81:P93) -> 0 | Q94: =SUM(Q81:Q93) -> 0 | R94: =SUM(R81:R93) -> 0 | S94: =SUM(S81:S93) -> 0 | T94: =SUM(T81:T93) -> 0 | U94: =SUM(U81:U93) -> 0 | ... X94: =SUM(X81:X93) -> 0
A95: =A93-A94 -> 0 | B95: 0 | C95: 0 | D95: 0 | E95: 0 | F95: 0 | G95: 0 | H95: =SUM(A95:G95)+I86 -> 0 | I95: Payroll Value | K95: =K93-K94 -> 0 | L95: =L93-L94 -> 0 | M95: =M93-M94 -> 0 | N95: =SUM(N82:N94) -> 0 | O95: =SUM(O82:O94) -> 0 | P95: =SUM(P82:P94) -> 0 | Q95: =SUM(Q82:Q94) -> 0 | R95: =SUM(R82:R94) -> 0 | S95: =SUM(S82:S94) -> 0 | T95: =SUM(T82:T94) -> 0 | U95: =SUM(U82:U94) -> 0 | ... X95: =SUM(X82:X94) -> 0

Sheet May 2024
A1: 45413 | B1: 45414 | C1: 45415 | D1: 45416 | E1: 45417 | F1: 45418 | G1: 45419 | K1: 45413 | M1: 45414 | O1: 45415 | Q1: 45416 | S1: 45417 | U1: 45418 | W1: 45419
